M-D,M,D,2011_SWE_in,2012_SWE_in,2013_SWE_in,2014_SWE_in,2015_SWE_in,2016_SWE_in,2017_SWE_in,2018_SWE_in,2019_SWE_in,2020_SWE_in,2021_SWE_in,2022_SWE_in,2023_SWE_in,2024_SWE_in,2025_SWE_in,2026_SWE_in,min,Q10,Q25,mean,median,Q75,Q90,max,date
10-01,10,1,0.0,0.0,0.0,0.0,0.0,0.0,0.0,0.0,0.0,0.0,0.0,0.0,0.0,0.0,0.0,0.0,0.0,0.0,0.0,0.0,0.0,0.0,0.0,0.0,2023-10-01
10-02,10,2,0.0,0.0,0.0,0.0,0.0,0.0,0.0,0.0,0.0,0.0,0.0,0.0,0.0,0.0,0.0,0.00250000135,0.0,0.0,0.0,0.000156250084375,0.0,0.0,0.0,0.00250000135,2023-10-02
10-03,10,3,0.0,0.0,0.0,0.0,0.0,0.0,0.0,0.0,0.0,0.0,0.0,0.0,0.0,0.0,0.0,0.005100002754000001,0.0,0.0,0.0,0.00031875017212500004,0.0,0.0,0.0,0.005100002754000001,2023-10-03
10-04,10,4,0.0,0.0,0.0,0.0,0.0,0.0,0.0,0.0,0.0,0.0,0.0,0.0,0.0,0.0,0.0,0.005100002754000001,0.0,0.0,0.0,0.00031875017212500004,0.0,0.0,0.0,0.005100002754000001,2023-10-04
10-05,10,5,0.010200005508000001,0.0,0.0,0.0,0.0,0.0,0.0,0.0,0.0,0.0,0.0,0.0,0.0,0.0,0.0,0.005100002754000001,0.0,0.0,0.0,0.0009562505163750001,0.0,0.0,0.0025500013770000003,0.010200005508000001,2023-10-05
10-06,10,6,0.017800009611999998,0.0,0.0,0.0,0.0,0.0,0.0,0.0,0.0,0.0,0.0,0.0,0.0,0.0,0.0,0.00250000135,0.0,0.0,0.0,0.0012687506851249998,0.0,0.0,0.001250000675,0.017800009611999998,2023-10-06
10-07,10,7,0.017800009611999998,0.00250000135,0.0,0.0,0.0,0.0,0.0,0.0,0.0,0.0,0.0,0.0,0.0,0.0,0.0,0.00250000135,0.0,0.0,0.0,0.0014250007694999998,0.0,0.0,0.00250000135,0.017800009611999998,2023-10-07
10-08,10,8,0.017800009611999998,0.010200005508000001,0.0,0.0,0.0,0.0,0.0,0.0,0.0,0.0,0.0,0.0,0.0,0.0,0.0,0.00250000135,0.0,0.0,0.0,0.001906251029375,0.0,0.0,0.006350003429,0.017800009611999998,2023-10-08
10-09,10,9,0.017800009611999998,0.015200008207999998,0.0,0.0,0.0,0.0,0.0,0.0,0.0,0.0,0.0,0.0,0.0,0.0,0.0,0.005100002754000001,0.0,0.0,0.0,0.002381251285875,0.0,0.0,0.010150005481,0.017800009611999998,2023-10-09
10-10,10,10,0.022900012366000002,0.007600004103999999,0.0,0.0,0.0,0.0,0.0,0.0,0.0,0.0,0.0,0.0,0.0,0.0,0.0,0.007600004103999999,0.0,0.0,0.0,0.002381251285875,0.0,0.0,0.007600004103999999,0.022900012366000002,2023-10-10
10-11,10,11,0.025400013716,0.012700006858,0.0,0.0,0.0,0.0,0.0,0.0,0.0,0.0,0.0,0.0,0.0,0.0,0.0,0.005100002754000001,0.0,0.0,0.0,0.002700001458,0.0,0.0,0.008900004806,0.025400013716,2023-10-11
10-12,10,12,0.020300010961999997,0.0,0.0,0.0,0.0,0.0,0.0,0.0,0.0,0.0,0.0,0.0,0.0,0.0,0.0,0.007600004103999999,0.0,0.0,0.0,0.0017437509416249998,0.0,0.0,0.0038000020519999996,0.020300010961999997,2023-10-12
10-13,10,13,0.022900012366000002,0.0,0.0,0.0,0.0,0.0,0.0,0.0,0.0,0.0,0.0,0.0,0.0,0.0,0.0,0.00250000135,0.0,0.0,0.0,0.00158750085725,0.0,0.0,0.001250000675,0.022900012366000002,2023-10-13
10-14,10,14,0.015200008207999998,0.0,0.0,0.0,0.0,0.0,0.0,0.0,0.0,0.0,0.0,0.0,0.0,0.0,0.0,0.005100002754000001,0.0,0.0,0.0,0.001268750685125,0.0,0.0,0.0025500013770000003,0.015200008207999998,2023-10-14
10-15,10,15,0.010200005508000001,0.0,0.0,0.0,0.0,0.0,0.0,0.0,0.0,0.0,0.0,0.0,0.0,0.0,0.0,0.005100002754000001,0.0,0.0,0.0,0.0009562505163750001,0.0,0.0,0.0025500013770000003,0.010200005508000001,2023-10-15
10-16,10,16,0.0,0.0,0.0,0.0,0.0,0.0,0.0,0.0,0.0,0.0,0.0,0.0,0.0,0.0,0.0,0.007600004103999999,0.0,0.0,0.0,0.00047500025649999995,0.0,0.0,0.0,0.007600004103999999,2023-10-16
10-17,10,17,0.0,0.0,0.0,0.0,0.0,0.0,0.0,0.0,0.0,0.0,0.0,0.0,0.0,0.0,0.0,0.025400013716,0.0,0.0,0.0,0.00158750085725,0.0,0.0,0.0,0.025400013716,2023-10-17
10-18,10,18,0.0,0.0,0.0,0.0,0.0,0.0,0.005100002754000001,0.0,0.0,0.0,0.0,0.0,0.0,0.0,0.0,0.022900012366000002,0.0,0.0,0.0,0.0017500009450000002,0.0,0.0,0.0025500013770000003,0.022900012366000002,2023-10-18
10-19,10,19,0.00250000135,0.0,0.0,0.0,0.0,0.0,0.007600004103999999,0.0,0.0,0.0,0.0,0.0,0.0,0.0,0.0,0.017800009611999998,0.0,0.0,0.0,0.0017437509416249998,0.0,0.0,0.005050002727,0.017800009611999998,2023-10-19
10-20,10,20,0.00250000135,0.0,0.0,0.0,0.0,0.0,0.00250000135,0.0,0.0,0.010200005508000001,0.0,0.0,0.0,0.0,0.0,0.010200005508000001,0.0,0.0,0.0,0.00158750085725,0.0,0.0006250003375,0.006350003429,0.010200005508000001,2023-10-20
10-21,10,21,0.00250000135,0.0,0.0,0.0,0.0,0.0,0.00250000135,0.0,0.0,0.010200005508000001,0.0,0.0,0.0,0.0,0.0,0.005100002754000001,0.0,0.0,0.0,0.001268750685125,0.0,0.0006250003375,0.003800002052,0.010200005508000001,2023-10-21
10-22,10,22,0.00250000135,0.0,0.0,0.0,0.0,0.0,0.0,0.0,0.0,0.012700006858,0.0,0.0,0.0,0.0,0.0,0.005100002754000001,0.0,0.0,0.0,0.001268750685125,0.0,0.0,0.003800002052,0.012700006858,2023-10-22
10-23,10,23,0.005100002754000001,0.0,0.0,0.0,0.0,0.0,0.0,0.0,0.0,0.012700006858,0.0,0.0,0.012700006858,0.0,0.0,0.007600004103999999,0.0,0.0,0.0,0.002381251285875,0.0,0.0012750006885000002,0.010150005481,0.012700006858,2023-10-23
10-24,10,24,0.005100002754000001,0.0,0.0,0.0,0.0,0.0,0.0,0.0,0.0,0.015200008207999998,0.0,0.0,0.017800009611999998,0.0,0.0,0.007600004103999999,0.0,0.0,0.0,0.0028562515423749997,0.0,0.0012750006885000002,0.011400006155999998,0.017800009611999998,2023-10-24
10-25,10,25,0.005100002754000001,0.0,0.00250000135,0.0,0.0,0.0,0.0,0.0,0.0,0.010200005508000001,0.0,0.0,0.020300010961999997,0.0,0.0,0.007600004103999999,0.0,0.0,0.0,0.0028562515423749997,0.0,0.003150001701,0.008900004806,0.020300010961999997,2023-10-25
10-26,10,26,0.010200005508000001,0.0,0.007600004103999999,0.0,0.0,0.0,0.0,0.0,0.0,0.0,0.005100002754000001,0.012700006858,0.020300010961999997,0.0,0.0,0.010200005508000001,0.0,0.0,0.0,0.004131252230875,0.0,0.008250004455,0.011450006183000001,0.020300010961999997,2023-10-26
10-27,10,27,0.012700006858,0.0,0.010200005508000001,0.0,0.0,0.0,0.0,0.0,0.0,0.0,0.00250000135,0.015200008207999998,0.027900015065999997,0.007600004103999999,0.0,0.010200005508000001,0.0,0.0,0.0,0.005393752912625,0.0,0.010200005508000001,0.013950007532999999,0.027900015065999997,2023-10-27
10-28,10,28,0.012700006858,0.0,0.010200005508000001,0.0,0.0,0.0,0.0,0.0,0.0,0.0,0.0,0.015200008207999998,0.027900015065999997,0.012700006858,0.0,0.012700006858,0.0,0.0,0.0,0.00571250308475,0.0,0.012700006858,0.013950007532999999,0.027900015065999997,2023-10-28
10-29,10,29,0.012700006858,0.0,0.005100002754000001,0.012700006858,0.0,0.0,0.0,0.0,0.0,0.005100002754000001,0.0,0.010200005508000001,0.027900015065999997,0.015200008207999998,0.0,0.015200008207999998,0.0,0.0,0.0,0.0065062535133750005,0.0025500013770000003,0.012700006858,0.015200008207999998,0.027900015065999997,2023-10-29
10-30,10,30,0.012700006858,0.0,0.0,0.012700006858,0.0,0.0,0.0,0.0,0.0,0.005100002754000001,0.0,0.0,0.027900015065999997,0.010200005508000001,0.022900012366000002,0.010200005508000001,0.0,0.0,0.0,0.0063562534323750005,0.0,0.010825005845500002,0.017800009612,0.027900015065999997,2023-10-30
10-31,10,31,0.020300010961999997,0.0,0.0,0.012700006858,0.0,0.0,0.0,0.0,0.0,0.005100002754000001,0.0,0.0,0.027900015065999997,0.005100002754000001,0.017800009611999998,0.010200005508000001,0.0,0.0,0.0,0.006193753344625,0.0,0.010825005845500002,0.019050010287,0.027900015065999997,2023-10-31
11-01,11,1,0.027900015065999997,0.0,0.0,0.012700006858,0.0,0.0,0.0,0.0,0.0,0.00250000135,0.0,0.0,0.027900015065999997,0.00250000135,0.022900012366000002,0.012700006858,0.0,0.0,0.0,0.006818753682124999,0.0,0.012700006858,0.025400013716,0.027900015065999997,2023-11-01
11-02,11,2,0.03050001647,0.007600004103999999,0.0,0.010200005508000001,0.0,0.0,0.0,0.0,0.0,0.00250000135,0.0,0.0,0.027900015065999997,0.0,0.022900012366000002,0.0,0.0,0.0,0.0,0.006350003429,0.0,0.008250004455,0.025400013716,0.03050001647,2023-11-02
11-03,11,3,0.035600019223999996,0.007600004103999999,0.0,0.007600004103999999,0.0,0.0,0.0,0.0,0.0,0.00250000135,0.0,0.0,0.050800027432,0.0,0.025400013716,0.0,0.0,0.0,0.0,0.008093754370625,0.0,0.007600004103999999,0.03050001647,0.050800027432,2023-11-03
11-04,11,4,0.035600019223999996,0.005100002754000001,0.0,0.012700006858,0.0,0.0,0.0,0.0,0.0,0.0,0.0,0.0,0.050800027432,0.0,0.025400013716,0.0,0.0,0.0,0.0,0.008100004373999999,0.0,0.007000003780000001,0.03050001647,0.050800027432,2023-11-04
11-05,11,5,0.035600019223999996,0.00250000135,0.0,0.012700006858,0.0,0.0,0.0,0.005100002754000001,0.0,0.0,0.0,0.0,0.050800027432,0.0,0.025400013716,0.0,0.0,0.0,0.0,0.008256254458375,0.0,0.007000003780000001,0.03050001647,0.050800027432,2023-11-05
11-06,11,6,0.038100020574,0.00250000135,0.0,0.012700006858,0.0,0.0,0.0,0.007600004103999999,0.0,0.0,0.0,0.0,0.06600003564,0.0,0.03050001647,0.0,0.0,0.0,0.0,0.00983750531225,0.0,0.0088750047925,0.034300018522,0.06600003564,2023-11-06
11-07,11,7,0.038100020574,0.00250000135,0.0,0.012700006858,0.0,0.0,0.0,0.010200005508000001,0.0,0.0,0.0,0.0,0.068600037044,0.0,0.03050001647,0.0,0.0,0.0,0.0,0.01016250548775,0.0,0.010825005845500002,0.034300018522,0.068600037044,2023-11-07
11-08,11,8,0.043200023328,0.00250000135,0.0,0.012700006858,0.0,0.0,0.0,0.010200005508000001,0.0,0.0,0.0,0.0,0.068600037044,0.007600004103999999,0.03050001647,0.0,0.0,0.0,0.0,0.010956255916375,0.0,0.010825005845500002,0.036850019899,0.068600037044,2023-11-08
11-09,11,9,0.043200023328,0.00250000135,0.0,0.010200005508000001,0.0,0.0,0.0,0.010200005508000001,0.0,0.0,0.0,0.0,0.068600037044,0.005100002754000001,0.035600019223999996,0.0,0.0,0.0,0.0,0.01096250591975,0.0,0.010200005508000001,0.039400021275999994,0.068600037044,2023-11-09
11-10,11,10,0.043200023328,0.00250000135,0.027900015065999997,0.010200005508000001,0.0,0.010200005508000001,0.0,0.010200005508000001,0.0,0.0,0.0,0.010200005508000001,0.073700039798,0.005100002754000001,0.035600019223999996,0.0,0.0,0.0,0.0,0.014300007722000001,0.007650004131000001,0.0146250078975,0.039400021275999994,0.073700039798,2023-11-10
11-11,11,11,0.045700024677999995,0.00250000135,0.03300001782,0.007600004103999999,0.0,0.025400013716,0.0,0.007600004103999999,0.0,0.0,0.0,0.012700006858,0.073700039798,0.00250000135,0.040600021923999995,0.0,0.0,0.0,0.0,0.015706258481374996,0.005050002727,0.027300014742,0.043150023301,0.073700039798,2023-11-11
11-12,11,12,0.045700024677999995,0.00250000135,0.03300001782,0.007600004103999999,0.0,0.03050001647,0.0,0.007600004103999999,0.0,0.0,0.007600004103999999,0.012700006858,0.073700039798,0.00250000135,0.040600021923999995,0.0,0.0,0.0,0.0,0.01650000891,0.007600004103999999,0.0311250168075,0.043150023301,0.073700039798,2023-11-12
11-13,11,13,0.045700024677999995,0.010200005508000001,0.035600019223999996,0.007600004103999999,0.0,0.03050001647,0.0,0.007600004103999999,0.0,0.0,0.007600004103999999,0.010200005508000001,0.073700039798,0.0,0.043200023328,0.0,0.0,0.0,0.0,0.016993759176624997,0.007600004103999999,0.0317750171585,0.044450024002999994,0.073700039798,2023-11-13
11-14,11,14,0.045700024677999995,0.010200005508000001,0.035600019223999996,0.007600004103999999,0.010200005508000001,0.03050001647,0.0,0.007600004103999999,0.0,0.0,0.015200008207999998,0.007600004103999999,0.073700039798,0.0,0.043200023328,0.0,0.0,0.0,0.0,0.017943759689625,0.008900004806,0.0317750171585,0.044450024002999994,0.073700039798,2023-11-14
11-15,11,15,0.045700024677999995,0.007600004103999999,0.035600019223999996,0.0,0.012700006858,0.03050001647,0.0,0.007600004103999999,0.0,0.0,0.027900015065999997,0.007600004103999999,0.073700039798,0.0,0.043200023328,0.0,0.0,0.0,0.0,0.018256259858375,0.007600004103999999,0.0317750171585,0.044450024002999994,0.073700039798,2023-11-15
11-16,11,16,0.055900030186,0.005100002754000001,0.035600019223999996,0.005100002754000001,0.017800009611999998,0.03050001647,0.0,0.005100002754000001,0.0,0.0,0.027900015065999997,0.007600004103999999,0.073700039798,0.0,0.043200023328,0.0,0.0,0.0,0.0,0.019218760378124998,0.006350003429,0.0317750171585,0.049550026757,0.073700039798,2023-11-16
11-17,11,17,0.055900030186,0.00250000135,0.035600019223999996,0.012700006858,0.017800009611999998,0.06350003429000001,0.0,0.005100002754000001,0.0,0.0,0.027900015065999997,0.007600004103999999,0.073700039798,0.010200005508000001,0.045700024677999995,0.010200005508000001,0.0,0.0,0.004450002403,0.0230250124335,0.011450006183000001,0.038125020587499996,0.05970003223800001,0.073700039798,2023-11-17
11-18,11,18,0.055900030186,0.00250000135,0.038100020574,0.015200008207999998,0.017800009611999998,0.06350003429000001,0.007600004103999999,0.040600021923999995,0.0,0.0,0.027900015065999997,0.010200005508000001,0.073700039798,0.010200005508000001,0.048300026082,0.015200008207999998,0.0,0.001250000675,0.009550005157,0.026668764401125,0.01650000891,0.0425250229635,0.05970003223800001,0.073700039798,2023-11-18
11-19,11,19,0.055900030186,0.020300010961999997,0.040600021923999995,0.015200008207999998,0.017800009611999998,0.06350003429000001,0.007600004103999999,0.040600021923999995,0.0,0.0,0.03300001782,0.010200005508000001,0.078700042498,0.012700006858,0.048300026082,0.015200008207999998,0.0,0.0038000020519999996,0.0120750065205,0.0287250155115,0.019050010287,0.0425250229635,0.05970003223800001,0.078700042498,2023-11-19
11-20,11,20,0.068600037044,0.020300010961999997,0.040600021923999995,0.017800009611999998,0.020300010961999997,0.06600003564,0.005100002754000001,0.040600021923999995,0.0,0.0,0.03300001782,0.010200005508000001,0.078700042498,0.020300010961999997,0.048300026082,0.015200008207999998,0.0,0.0025500013770000003,0.013950007532999999,0.03031251636875,0.020300010961999997,0.0425250229635,0.06730003634199999,0.078700042498,2023-11-20
11-21,11,21,0.068600037044,0.017800009611999998,0.038100020574,0.017800009611999998,0.020300010961999997,0.068600037044,0.005100002754000001,0.040600021923999995,0.0,0.0,0.03300001782,0.010200005508000001,0.078700042498,0.017800009611999998,0.053300028782,0.015200008207999998,0.0,0.0025500013770000003,0.013950007532999999,0.030318766372125,0.019050010287,0.0437750236385,0.068600037044,0.078700042498,2023-11-21
11-22,11,22,0.068600037044,0.020300010961999997,0.038100020574,0.027900015065999997,0.020300010961999997,0.068600037044,0.012700006858,0.040600021923999995,0.00250000135,0.0,0.03300001782,0.010200005508000001,0.078700042498,0.017800009611999998,0.053300028782,0.015200008207999998,0.0,0.006350003429,0.0145750078705,0.03173751713825,0.024100013014,0.0437750236385,0.068600037044,0.078700042498,2023-11-22
11-23,11,23,0.068600037044,0.020300010961999997,0.035600019223999996,0.027900015065999997,0.03300001782,0.068600037044,0.015200008207999998,0.040600021923999995,0.010200005508000001,0.0,0.03300001782,0.010200005508000001,0.078700042498,0.015200008207999998,0.055900030186,0.015200008207999998,0.0,0.010200005508000001,0.015200008207999998,0.03301251782675,0.030450016442999998,0.0444250239895,0.068600037044,0.078700042498,2023-11-23
11-24,11,24,0.068600037044,0.020300010961999997,0.035600019223999996,0.027900015065999997,0.038100020574,0.068600037044,0.022900012366000002,0.038100020574,0.015200008207999998,0.0,0.03300001782,0.010200005508000001,0.088900048006,0.015200008207999998,0.055900030186,0.015200008207999998,0.0,0.012700006858,0.015200008207999998,0.034606268687375,0.030450016442999998,0.042550022977,0.068600037044,0.088900048006,2023-11-24
11-25,11,25,0.073700039798,0.017800009611999998,0.035600019223999996,0.027900015065999997,0.038100020574,0.07110003839399999,0.022900012366000002,0.038100020574,0.03300001782,0.0,0.03050001647,0.010200005508000001,0.088900048006,0.015200008207999998,0.058400031536,0.015200008207999998,0.0,0.012700006858,0.017150009260999997,0.036037519460249995,0.031750017145,0.0431750233145,0.07240003909599999,0.088900048006,2023-11-25
11-26,11,26,0.073700039798,0.017800009611999998,0.035600019223999996,0.027900015065999997,0.040600021923999995,0.078700042498,0.027900015065999997,0.038100020574,0.03300001782,0.007600004103999999,0.03050001647,0.010200005508000001,0.088900048006,0.017800009611999998,0.06100003294,0.015200008207999998,0.007600004103999999,0.012700006858,0.017800009611999998,0.037781270401875,0.031750017145,0.045700024677999995,0.076200041148,0.088900048006,2023-11-26
11-27,11,27,0.073700039798,0.017800009611999998,0.035600019223999996,0.027900015065999997,0.040600021923999995,0.08380004525200001,0.035600019223999996,0.038100020574,0.03300001782,0.007600004103999999,0.03050001647,0.010200005508000001,0.088900048006,0.017800009611999998,0.07110003839399999,0.015200008207999998,0.007600004103999999,0.012700006858,0.017800009611999998,0.03921252117475,0.034300018522,0.048225026041499995,0.07875004252500001,0.088900048006,2023-11-27
11-28,11,28,0.078700042498,0.017800009611999998,0.035600019223999996,0.027900015065999997,0.040600021923999995,0.08380004525200001,0.040600021923999995,0.040600021923999995,0.03300001782,0.010200005508000001,0.03050001647,0.010200005508000001,0.088900048006,0.020300010961999997,0.07110003839399999,0.015200008207999998,0.010200005508000001,0.012700006858,0.019675010624499997,0.04031252176875,0.034300018522,0.048225026041499995,0.08125004387500001,0.088900048006,2023-11-28
11-29,11,29,0.104100056214,0.020300010961999997,0.035600019223999996,0.027900015065999997,0.040600021923999995,0.08380004525200001,0.045700024677999995,0.040600021923999995,0.038100020574,0.020300010961999997,0.03050001647,0.010200005508000001,0.09650005211,0.020300010961999997,0.07110003839399999,0.015200008207999998,0.010200005508000001,0.017750009584999997,0.020300010961999997,0.043800023651999996,0.036850019899,0.05205002810699999,0.090150048681,0.104100056214,2023-11-29
11-30,11,30,0.12450006723,0.020300010961999997,0.035600019223999996,0.027900015065999997,0.040600021923999995,0.08380004525200001,0.045700024677999995,0.040600021923999995,0.038100020574,0.035600019223999996,0.03050001647,0.010200005508000001,0.09650005211,0.020300010961999997,0.07110003839399999,0.015200008207999998,0.010200005508000001,0.017750009584999997,0.026000014039999998,0.046031274856875,0.036850019899,0.05205002810699999,0.090150048681,0.12450006723,2023-11-30
12-01,12,1,0.13460007268399998,0.025400013716,0.035600019223999996,0.027900015065999997,0.043200023328,0.08380004525200001,0.045700024677999995,0.040600021923999995,0.048300026082,0.035600019223999996,0.03050001647,0.010200005508000001,0.09910005351399999,0.020300010961999997,0.07110003839399999,0.020300010961999997,0.010200005508000001,0.020300010961999997,0.027275014728499997,0.048262526061749994,0.038100020574,0.05400002916,0.091450049383,0.13460007268399998,2023-12-01
12-02,12,2,0.13460007268399998,0.025400013716,0.035600019223999996,0.027900015065999997,0.043200023328,0.086400046656,0.045700024677999995,0.040600021923999995,0.050800027432,0.035600019223999996,0.03300001782,0.010200005508000001,0.101600054864,0.020300010961999997,0.07110003839399999,0.020300010961999997,0.010200005508000001,0.020300010961999997,0.027275014728499997,0.048893776402624996,0.038100020574,0.0558750301725,0.09400005076000001,0.13460007268399998,2023-12-02
12-03,12,3,0.13460007268399998,0.025400013716,0.048300026082,0.03300001782,0.043200023328,0.09400005076,0.045700024677999995,0.040600021923999995,0.050800027432,0.035600019223999996,0.03300001782,0.010200005508000001,0.109200058968,0.03050001647,0.07110003839399999,0.020300010961999997,0.010200005508000001,0.022850012338999998,0.0323750174825,0.051593777860624995,0.041900022626,0.0558750301725,0.101600054864,0.13460007268399998,2023-12-03
12-04,12,4,0.13460007268399998,0.025400013716,0.048300026082,0.043200023328,0.043200023328,0.09650005211,0.045700024677999995,0.050800027432,0.053300028782,0.035600019223999996,0.03300001782,0.010200005508000001,0.109200058968,0.050800027432,0.07110003839399999,0.020300010961999997,0.010200005508000001,0.022850012338999998,0.034950018873,0.054450029403,0.04700002538,0.057750031184999995,0.10285005553900001,0.13460007268399998,2023-12-04
12-05,12,5,0.13460007268399998,0.025400013716,0.048300026082,0.043200023328,0.043200023328,0.09650005211,0.050800027432,0.050800027432,0.053300028782,0.035600019223999996,0.03300001782,0.010200005508000001,0.109200058968,0.06100003294,0.07110003839399999,0.025400013716,0.010200005508000001,0.025400013716,0.034950018873,0.055725030091500004,0.049550026757,0.0635250343035,0.10285005553900001,0.13460007268399998,2023-12-05
12-06,12,6,0.13460007268399998,0.025400013716,0.048300026082,0.043200023328,0.043200023328,0.09650005211,0.050800027432,0.050800027432,0.053300028782,0.035600019223999996,0.03300001782,0.010200005508000001,0.114300061722,0.06100003294,0.07110003839399999,0.038100020574,0.010200005508000001,0.029200015768,0.0374750202365,0.05683753069225,0.049550026757,0.0635250343035,0.10540005691599999,0.13460007268399998,2023-12-06
12-07,12,7,0.13460007268399998,0.020300010961999997,0.048300026082,0.043200023328,0.043200023328,0.09650005211,0.055900030186,0.050800027432,0.053300028782,0.03300001782,0.03300001782,0.010200005508000001,0.114300061722,0.06100003294,0.07110003839399999,0.045700024677999995,0.010200005508000001,0.026650014390999996,0.040650021950999995,0.057150030861,0.049550026757,0.0635250343035,0.10540005691599999,0.13460007268399998,2023-12-07
12-08,12,8,0.13460007268399998,0.020300010961999997,0.048300026082,0.045700024677999995,0.043200023328,0.104100056214,0.06100003294,0.050800027432,0.053300028782,0.035600019223999996,0.03300001782,0.010200005508000001,0.114300061722,0.07110003839399999,0.073700039798,0.045700024677999995,0.010200005508000001,0.026650014390999996,0.041300022302,0.059056281890375,0.049550026757,0.071750038745,0.109200058968,0.13460007268399998,2023-12-08
12-09,12,9,0.14220007678799998,0.020300010961999997,0.058400031536,0.045700024677999995,0.043200023328,0.104100056214,0.068600037044,0.050800027432,0.053300028782,0.038100020574,0.03300001782,0.012700006858,0.114300061722,0.08380004525200001,0.073700039798,0.045700024677999995,0.012700006858,0.026650014390999996,0.0419250226395,0.061743783341624996,0.052050028107000004,0.0762250411615,0.109200058968,0.14220007678799998,2023-12-09
12-10,12,10,0.14220007678799998,0.020300010961999997,0.058400031536,0.045700024677999995,0.043200023328,0.104100056214,0.07110003839399999,0.050800027432,0.053300028782,0.038100020574,0.03300001782,0.03050001647,0.116800063072,0.08380004525200001,0.076200041148,0.045700024677999995,0.020300010961999997,0.031750017145,0.0419250226395,0.0633250341955,0.052050028107000004,0.078100042174,0.110450059643,0.14220007678799998,2023-12-10
12-11,12,11,0.14220007678799998,0.020300010961999997,0.06100003294,0.045700024677999995,0.043200023328,0.111800060372,0.08380004525200001,0.050800027432,0.053300028782,0.038100020574,0.03300001782,0.03050001647,0.116800063072,0.08380004525200001,0.076200041148,0.045700024677999995,0.020300010961999997,0.031750017145,0.0419250226395,0.06476253497175,0.052050028107000004,0.08380004525200001,0.114300061722,0.14220007678799998,2023-12-11
12-12,12,12,0.14220007678799998,0.020300010961999997,0.06100003294,0.040600021923999995,0.043200023328,0.109200058968,0.086400046656,0.050800027432,0.053300028782,0.040600021923999995,0.03300001782,0.03050001647,0.11940006447600002,0.08380004525200001,0.076200041148,0.045700024677999995,0.020300010961999997,0.031750017145,0.040600021923999995,0.06476253497175,0.052050028107000004,0.08445004560300001,0.11430006172200001,0.14220007678799998,2023-12-12
12-13,12,13,0.14220007678799998,0.022900012366000002,0.06100003294,0.040600021923999995,0.043200023328,0.106700057618,0.086400046656,0.050800027432,0.06100003294,0.055900030186,0.043200023328,0.03050001647,0.11940006447600002,0.08380004525200001,0.076200041148,0.045700024677999995,0.022900012366000002,0.035550019196999995,0.043200023328,0.066843786095625,0.058450031563,0.08445004560300001,0.11305006104700001,0.14220007678799998,2023-12-13
12-14,12,14,0.14220007678799998,0.022900012366000002,0.06100003294,0.045700024677999995,0.048300026082,0.106700057618,0.086400046656,0.058400031536,0.06100003294,0.06600003564,0.045700024677999995,0.035600019223999996,0.12450006723,0.08380004525200001,0.076200041148,0.045700024677999995,0.022900012366000002,0.040650021950999995,0.045700024677999995,0.069381287465875,0.06100003294,0.08445004560300001,0.115600062424,0.14220007678799998,2023-12-14
12-15,12,15,0.14220007678799998,0.022900012366000002,0.06350003429000001,0.045700024677999995,0.048300026082,0.109200058968,0.09400005076,0.058400031536,0.06100003294,0.07110003839399999,0.045700024677999995,0.043200023328,0.12450006723,0.08380004525200001,0.078700042498,0.045700024677999995,0.022900012366000002,0.044450024002999994,0.045700024677999995,0.071118788404125,0.062250033615000006,0.086350046629,0.116850063099,0.14220007678799998,2023-12-15
12-16,12,16,0.14220007678799998,0.022900012366000002,0.06350003429000001,0.045700024677999995,0.048300026082,0.111800060372,0.09400005076,0.058400031536,0.06100003294,0.07110003839399999,0.045700024677999995,0.043200023328,0.12950006993,0.08380004525200001,0.078700042498,0.045700024677999995,0.022900012366000002,0.044450024002999994,0.045700024677999995,0.07159378866062499,0.062250033615000006,0.086350046629,0.12065006515099999,0.14220007678799998,2023-12-16
12-17,12,17,0.14220007678799998,0.022900012366000002,0.06350003429000001,0.045700024677999995,0.048300026082,0.114300061722,0.106700057618,0.06100003294,0.06100003294,0.07110003839399999,0.045700024677999995,0.050800027432,0.12950006993,0.08380004525200001,0.08130004390199999,0.045700024677999995,0.022900012366000002,0.045700024677999995,0.047650025730999995,0.073343789605625,0.062250033615000006,0.0895250483435,0.12190006582599999,0.14220007678799998,2023-12-17
12-18,12,18,0.14220007678799998,0.022900012366000002,0.076200041148,0.045700024677999995,0.048300026082,0.116800063072,0.106700057618,0.06100003294,0.06100003294,0.07110003839399999,0.048300026082,0.050800027432,0.12950006993,0.08380004525200001,0.08380004525200001,0.06100003294,0.022900012366000002,0.04700002538,0.0501750270945,0.075568790807125,0.06605003566699999,0.0895250483435,0.123150066501,0.14220007678799998,2023-12-18
12-19,12,19,0.14220007678799998,0.022900012366000002,0.08130004390199999,0.045700024677999995,0.048300026082,0.111800060372,0.106700057618,0.06100003294,0.06100003294,0.07110003839399999,0.050800027432,0.050800027432,0.12950006993,0.08380004525200001,0.08380004525200001,0.06100003294,0.022900012366000002,0.04700002538,0.050800027432,0.075731290894875,0.06605003566699999,0.0895250483435,0.12065006515099999,0.14220007678799998,2023-12-19
12-20,12,20,0.14480007819200003,0.022900012366000002,0.08130004390199999,0.053300028782,0.050800027432,0.116800063072,0.106700057618,0.06100003294,0.06350003429000001,0.073700039798,0.050800027432,0.050800027432,0.13460007268399998,0.08380004525200001,0.08380004525200001,0.073700039798,0.022900012366000002,0.050800027432,0.0526750284445,0.07826879226512501,0.073700039798,0.0895250483435,0.12570006787799998,0.14480007819200003,2023-12-20
12-21,12,21,0.14480007819200003,0.025400013716,0.08130004390199999,0.053300028782,0.053300028782,0.12190006582599998,0.106700057618,0.06600003564,0.06350003429000001,0.073700039798,0.050800027432,0.050800027432,0.13460007268399998,0.08380004525200001,0.08380004525200001,0.086400046656,0.025400013716,0.050800027432,0.053300028782,0.080006293203375,0.07750004184999999,0.0914750493965,0.128250069255,0.14480007819200003,2023-12-21
12-22,12,22,0.14480007819200003,0.03300001782,0.08130004390199999,0.055900030186,0.058400031536,0.12950006993,0.109200058968,0.06600003564,0.06600003564,0.073700039798,0.050800027432,0.050800027432,0.14480007819200003,0.08380004525200001,0.086400046656,0.086400046656,0.03300001782,0.050800027432,0.0577750311985,0.08255004457699999,0.07750004184999999,0.092100049734,0.137150074061,0.14480007819200003,2023-12-22
12-23,12,23,0.149900080946,0.035600019223999996,0.08380004525200001,0.055900030186,0.06100003294,0.14220007678799998,0.109200058968,0.06600003564,0.06600003564,0.078700042498,0.055900030186,0.050800027432,0.14480007819200003,0.08380004525200001,0.086400046656,0.086400046656,0.035600019223999996,0.053350028809,0.0597250322515,0.0847750457785,0.08125004387500001,0.092100049734,0.14350007749,0.149900080946,2023-12-23
12-24,12,24,0.149900080946,0.035600019223999996,0.08380004525200001,0.055900030186,0.06100003294,0.14220007678799998,0.109200058968,0.078700042498,0.073700039798,0.078700042498,0.055900030186,0.07110003839399999,0.14480007819200003,0.086400046656,0.09140004935599999,0.086400046656,0.035600019223999996,0.055900030186,0.0685750370305,0.087793797408625,0.08125004387500001,0.095850051759,0.14350007749,0.149900080946,2023-12-24
12-25,12,25,0.149900080946,0.038100020574,0.088900048006,0.055900030186,0.06100003294,0.14220007678799998,0.109200058968,0.08130004390199999,0.078700042498,0.078700042498,0.055900030186,0.08130004390199999,0.14480007819200003,0.086400046656,0.09140004935599999,0.086400046656,0.038100020574,0.055900030186,0.0742750401085,0.089381298265875,0.083850045279,0.095850051759,0.14350007749,0.149900080946,2023-12-25
12-26,12,26,0.149900080946,0.038100020574,0.088900048006,0.055900030186,0.06350003429000001,0.13970007543799998,0.114300061722,0.088900048006,0.078700042498,0.078700042498,0.055900030186,0.08380004525200001,0.149900080946,0.086400046656,0.09400005076,0.086400046656,0.038100020574,0.055900030186,0.074900040446,0.09081254903875,0.086400046656,0.0990750535005,0.14480007819199997,0.149900080946,2023-12-26
12-27,12,27,0.15750008505,0.038100020574,0.09140004935599999,0.055900030186,0.06600003564,0.13460007268399998,0.114300061722,0.088900048006,0.078700042498,0.078700042498,0.06350003429000001,0.09400005076,0.149900080946,0.086400046656,0.09910005351399999,0.09140004935599999,0.038100020574,0.05970003223800001,0.0755250407835,0.0930250502335,0.09015004868099999,0.10290005556599999,0.142250076815,0.15750008505,2023-12-27
12-28,12,28,0.15750008505,0.040600021923999995,0.09400005076,0.055900030186,0.068600037044,0.137200074088,0.114300061722,0.086400046656,0.078700042498,0.078700042498,0.06350003429000001,0.101600054864,0.15750008505,0.086400046656,0.106700057618,0.09650005211,0.040600021923999995,0.05970003223800001,0.0761750411345,0.095256301438375,0.090200048708,0.10860005864399999,0.14735007956899998,0.15750008505,2023-12-28
12-29,12,29,0.15750008505,0.043200023328,0.09400005076,0.055900030186,0.07110003839399999,0.13970007543799998,0.116800063072,0.086400046656,0.078700042498,0.078700042498,0.06350003429000001,0.104100056214,0.16260008780399998,0.086400046656,0.111800060372,0.09650005211,0.043200023328,0.05970003223800001,0.076800041472,0.09668130220787499,0.090200048708,0.11305006104700001,0.14860008024399998,0.16260008780399998,2023-12-29
12-30,12,30,0.16260008780399998,0.050800027432,0.09400005076,0.055900030186,0.07110003839399999,0.14220007678799998,0.116800063072,0.086400046656,0.08130004390199999,0.078700042498,0.068600037044,0.104100056214,0.16260008780399998,0.086400046656,0.11940006447600002,0.09650005211,0.050800027432,0.062250033615000006,0.076800041472,0.09858755323724999,0.090200048708,0.117450063423,0.152400082296,0.16260008780399998,2023-12-30
12-31,12,31,0.170200091908,0.050800027432,0.09400005076,0.055900030186,0.07110003839399999,0.14220007678799998,0.116800063072,0.086400046656,0.08130004390199999,0.078700042498,0.068600037044,0.114300061722,0.16260008780399998,0.086400046656,0.11940006447600002,0.09650005211,0.050800027432,0.062250033615000006,0.076800041472,0.09970005383799999,0.090200048708,0.117450063423,0.152400082296,0.170200091908,2023-12-31
01-01,1,1,0.170200091908,0.050800027432,0.09400005076,0.058400031536,0.07110003839399999,0.14220007678799998,0.116800063072,0.08130004390199999,0.08130004390199999,0.078700042498,0.068600037044,0.114300061722,0.17270009325799998,0.086400046656,0.11940006447600002,0.09650005211,0.050800027432,0.06350003429000001,0.076800041472,0.100168804091125,0.090200048708,0.117450063423,0.15620008434799998,0.17270009325799998,2023-01-01
01-02,1,2,0.17270009325799998,0.050800027432,0.09400005076,0.058400031536,0.076200041148,0.14480007819200003,0.12190006582599998,0.08130004390199999,0.08130004390199999,0.09140004935599999,0.068600037044,0.114300061722,0.177800096012,0.086400046656,0.12950006993,0.101600054864,0.050800027432,0.06350003429000001,0.08002504321349999,0.10318755572124999,0.092700050058,0.12380006685199998,0.158750085725,0.177800096012,2023-01-02
01-03,1,3,0.17270009325799998,0.050800027432,0.09400005076,0.058400031536,0.078700042498,0.147300079542,0.12700006858000001,0.08130004390199999,0.08380004525200001,0.09400005076,0.068600037044,0.114300061722,0.18290009876600002,0.086400046656,0.13460007268399998,0.104100056214,0.050800027432,0.06350003429000001,0.080650043551,0.104931306662875,0.09400005076,0.128900069606,0.1600000864,0.18290009876600002,2023-01-03
01-04,1,4,0.175300094662,0.050800027432,0.09400005076,0.06100003294,0.078700042498,0.149900080946,0.13210007133399998,0.08130004390199999,0.08380004525200001,0.09400005076,0.068600037044,0.11940006447600002,0.18290009876600002,0.086400046656,0.137200074088,0.104100056214,0.050800027432,0.064800034992,0.080650043551,0.106218807358125,0.09400005076,0.13337507202249999,0.16260008780399998,0.18290009876600002,2023-01-04
01-05,1,5,0.175300094662,0.050800027432,0.09400005076,0.06600003564,0.08130004390199999,0.152400082296,0.149900080946,0.08130004390199999,0.08380004525200001,0.09400005076,0.073700039798,0.12190006582599998,0.18290009876600002,0.09140004935599999,0.13970007543799998,0.104100056214,0.050800027432,0.069850037719,0.08130004390199999,0.10890630880937499,0.09400005076,0.142250076815,0.163850088479,0.18290009876600002,2023-01-05
01-06,1,6,0.175300094662,0.050800027432,0.09400005076,0.06600003564,0.08130004390199999,0.152400082296,0.149900080946,0.08130004390199999,0.08380004525200001,0.09400005076,0.073700039798,0.14220007678799998,0.18290009876600002,0.09140004935599999,0.13970007543799998,0.106700057618,0.050800027432,0.069850037719,0.08130004390199999,0.11033755958225,0.09400005076,0.14412507782749998,0.163850088479,0.18290009876600002,2023-01-06
01-07,1,7,0.175300094662,0.050800027432,0.09400005076,0.06600003564,0.08130004390199999,0.152400082296,0.149900080946,0.086400046656,0.086400046656,0.09650005211,0.073700039798,0.14480007819200003,0.18800010152,0.09140004935599999,0.147300079542,0.106700057618,0.050800027432,0.069850037719,0.0851250459675,0.11193131044287499,0.095250051435,0.147950079893,0.163850088479,0.18800010152,2023-01-07
01-08,1,8,0.175300094662,0.053300028782,0.09400005076,0.07110003839399999,0.08130004390199999,0.1600000864,0.152400082296,0.086400046656,0.09910005351399999,0.09650005211,0.073700039798,0.14480007819200003,0.18800010152,0.09400005076,0.147300079542,0.111800060372,0.053300028782,0.07240003909599999,0.0851250459675,0.11431256172874998,0.097800052812,0.1485750802305,0.167650090531,0.18800010152,2023-01-08
01-09,1,9,0.175300094662,0.053300028782,0.09400005076,0.073700039798,0.08130004390199999,0.1600000864,0.1600000864,0.086400046656,0.09910005351399999,0.09910005351399999,0.073700039798,0.14480007819200003,0.18800010152,0.09400005076,0.147300079542,0.114300061722,0.053300028782,0.073700039798,0.0851250459675,0.115268812245125,0.09910005351399999,0.1504750812565,0.167650090531,0.18800010152,2023-01-09
01-10,1,10,0.177800096012,0.053300028782,0.09400005076,0.078700042498,0.08130004390199999,0.1600000864,0.18540010011600003,0.086400046656,0.09910005351399999,0.09910005351399999,0.073700039798,0.14480007819200003,0.19050010287,0.104100056214,0.147300079542,0.114300061722,0.053300028782,0.076200041148,0.0851250459675,0.11811256378075001,0.10160005486399999,0.1504750812565,0.18160009806400002,0.19050010287,2023-01-10
01-11,1,11,0.177800096012,0.053300028782,0.09650005211,0.08130004390199999,0.08380004525200001,0.1600000864,0.18540010011600003,0.088900048006,0.09910005351399999,0.101600054864,0.073700039798,0.14480007819200003,0.195600105624,0.109200058968,0.154900083646,0.114300061722,0.053300028782,0.07750004184999999,0.08762504731750001,0.12001256480674999,0.105400056916,0.1561750843345,0.18160009806400002,0.195600105624,2023-01-11
01-12,1,12,0.177800096012,0.053300028782,0.09650005211,0.08380004525200001,0.08380004525200001,0.165100089154,0.195600105624,0.088900048006,0.09910005351399999,0.106700057618,0.073700039798,0.14480007819200003,0.20070010837799998,0.109200058968,0.154900083646,0.114300061722,0.053300028782,0.07875004252500001,0.08762504731750001,0.12176256575175001,0.107950058293,0.157450085023,0.18670010081799998,0.20070010837799998,2023-01-12
01-13,1,13,0.177800096012,0.053300028782,0.09650005211,0.09400005076,0.08380004525200001,0.165100089154,0.195600105624,0.088900048006,0.09910005351399999,0.106700057618,0.073700039798,0.14480007819200003,0.203200109728,0.12190006582599998,0.154900083646,0.114300061722,0.053300028782,0.07875004252500001,0.0927250500715,0.123350066609,0.11050005967,0.157450085023,0.18670010081799998,0.203200109728,2023-01-13
01-14,1,14,0.18030009736199998,0.053300028782,0.09650005211,0.09400005076,0.08380004525200001,0.165100089154,0.195600105624,0.088900048006,0.09910005351399999,0.114300061722,0.076200041148,0.14480007819200003,0.203200109728,0.12950006993,0.154900083646,0.114300061722,0.053300028782,0.08000004320000001,0.0927250500715,0.12461256729075,0.114300061722,0.157450085023,0.18795010149299998,0.203200109728,2023-01-14
01-15,1,15,0.18030009736199998,0.053300028782,0.09650005211,0.09400005076,0.08380004525200001,0.165100089154,0.195600105624,0.088900048006,0.09910005351399999,0.114300061722,0.076200041148,0.14480007819200003,0.203200109728,0.14220007678799998,0.154900083646,0.114300061722,0.053300028782,0.08000004320000001,0.0927250500715,0.125406317719375,0.114300061722,0.157450085023,0.18795010149299998,0.203200109728,2023-01-15
01-16,1,16,0.18290009876600002,0.053300028782,0.09650005211,0.09140004935599999,0.08380004525200001,0.165100089154,0.195600105624,0.088900048006,0.09910005351399999,0.114300061722,0.076200041148,0.14480007819200003,0.203200109728,0.14220007678799998,0.1600000864,0.114300061722,0.053300028782,0.08000004320000001,0.09077504901849999,0.1257250678915,0.114300061722,0.1612750870885,0.189250102195,0.203200109728,2023-01-16
01-17,1,17,0.18290009876600002,0.055900030186,0.09650005211,0.09140004935599999,0.08380004525200001,0.16760009050400002,0.195600105624,0.088900048006,0.09910005351399999,0.11940006447600002,0.078700042498,0.14480007819200003,0.203200109728,0.14220007678799998,0.1600000864,0.114300061722,0.055900030186,0.08125004387500001,0.09077504901849999,0.12651881832012501,0.116850063099,0.16190008742599998,0.189250102195,0.203200109728,2023-01-17
01-18,1,18,0.195600105624,0.058400031536,0.09650005211,0.09140004935599999,0.086400046656,0.16760009050400002,0.195600105624,0.088900048006,0.12190006582599998,0.11940006447600002,0.078700042498,0.14480007819200003,0.203200109728,0.154900083646,0.16260008780399998,0.114300061722,0.058400031536,0.08255004457699999,0.09077504901849999,0.13001257020675,0.12065006515099999,0.16385008847899998,0.195600105624,0.203200109728,2023-01-18
01-19,1,19,0.195600105624,0.06350003429000001,0.09650005211,0.088900048006,0.086400046656,0.17270009325799998,0.195600105624,0.088900048006,0.12190006582599998,0.12190006582599998,0.078700042498,0.14480007819200003,0.203200109728,0.154900083646,0.16260008780399998,0.114300061722,0.06350003429000001,0.08255004457699999,0.088900048006,0.130650070551,0.12190006582599998,0.1651250891675,0.195600105624,0.203200109728,2023-01-19
01-20,1,20,0.195600105624,0.06350003429000001,0.09650005211,0.088900048006,0.086400046656,0.17270009325799998,0.20070010837799998,0.09910005351399999,0.12190006582599998,0.12190006582599998,0.078700042498,0.14480007819200003,0.20570011107800001,0.15750008505,0.16260008780399998,0.114300061722,0.06350003429000001,0.08255004457699999,0.09460005108399999,0.13192507123949998,0.12190006582599998,0.1651250891675,0.198150107001,0.20570011107800001,2023-01-20
01-21,1,21,0.195600105624,0.06600003564,0.09650005211,0.088900048006,0.086400046656,0.177800096012,0.20070010837799998,0.109200058968,0.12190006582599998,0.12700006858000001,0.078700042498,0.147300079542,0.20570011107800001,0.15750008505,0.16260008780399998,0.114300061722,0.06600003564,0.08255004457699999,0.09460005108399999,0.13350632209337499,0.124450067203,0.166400089856,0.198150107001,0.20570011107800001,2023-01-21
01-22,1,22,0.195600105624,0.073700039798,0.09650005211,0.088900048006,0.086400046656,0.175300094662,0.203200109728,0.109200058968,0.13460007268399998,0.12950006993,0.078700042498,0.147300079542,0.20570011107800001,0.16260008780399998,0.16760009050400002,0.114300061722,0.073700039798,0.08255004457699999,0.09460005108399999,0.135568823207125,0.13205007130699997,0.1695250915435,0.199400107676,0.20570011107800001,2023-01-22
01-23,1,23,0.195600105624,0.073700039798,0.09650005211,0.088900048006,0.086400046656,0.177800096012,0.203200109728,0.109200058968,0.137200074088,0.13210007133399998,0.078700042498,0.147300079542,0.208300112482,0.16260008780399998,0.16760009050400002,0.114300061722,0.073700039798,0.08255004457699999,0.09460005108399999,0.13621257355475,0.134650072711,0.170150091881,0.199400107676,0.208300112482,2023-01-23
01-24,1,24,0.195600105624,0.076200041148,0.09650005211,0.088900048006,0.086400046656,0.18290009876600002,0.21080011383199998,0.109200058968,0.137200074088,0.13210007133399998,0.078700042498,0.147300079542,0.208300112482,0.16260008780399998,0.16760009050400002,0.116800063072,0.076200041148,0.08255004457699999,0.09460005108399999,0.137318824152125,0.134650072711,0.1714250925695,0.20195010905299998,0.21080011383199998,2023-01-24
01-25,1,25,0.195600105624,0.076200041148,0.09650005211,0.088900048006,0.09140004935599999,0.19050010287,0.21080011383199998,0.111800060372,0.137200074088,0.13460007268399998,0.08130004390199999,0.149900080946,0.208300112482,0.16260008780399998,0.170200091908,0.116800063072,0.076200041148,0.085100045954,0.09522505142149999,0.13891257501275,0.135900073386,0.1752750946485,0.20195010905299998,0.21080011383199998,2023-01-25
01-26,1,26,0.195600105624,0.076200041148,0.09650005211,0.088900048006,0.09140004935599999,0.19050010287,0.213400115236,0.11940006447600002,0.137200074088,0.137200074088,0.08130004390199999,0.152400082296,0.213400115236,0.165100089154,0.170200091908,0.116800063072,0.076200041148,0.085100045954,0.09522505142149999,0.140343825785625,0.137200074088,0.1752750946485,0.20450011043,0.213400115236,2023-01-26
01-27,1,27,0.20570011107800001,0.08130004390199999,0.09650005211,0.088900048006,0.09140004935599999,0.19050010287,0.213400115236,0.11940006447600002,0.137200074088,0.13970007543799998,0.08130004390199999,0.152400082296,0.213400115236,0.165100089154,0.170200091908,0.116800063072,0.08130004390199999,0.085100045954,0.09522505142149999,0.141450076383,0.13845007476299998,0.1752750946485,0.209550113157,0.213400115236,2023-01-27
01-28,1,28,0.20570011107800001,0.08130004390199999,0.106700057618,0.088900048006,0.09140004935599999,0.19050010287,0.213400115236,0.11940006447600002,0.137200074088,0.13970007543799998,0.08130004390199999,0.152400082296,0.215900116586,0.165100089154,0.17270009325799998,0.116800063072,0.08130004390199999,0.085100045954,0.1028750555525,0.142400076896,0.13845007476299998,0.17715009566099998,0.209550113157,0.215900116586,2023-01-28
01-29,1,29,0.20570011107800001,0.08130004390199999,0.106700057618,0.09140004935599999,0.09140004935599999,0.195600105624,0.213400115236,0.11940006447600002,0.137200074088,0.14220007678799998,0.08130004390199999,0.152400082296,0.215900116586,0.165100089154,0.17270009325799998,0.116800063072,0.08130004390199999,0.08635004662899999,0.1028750555525,0.143031327236875,0.139700075438,0.1784250963495,0.209550113157,0.215900116586,2023-01-29
01-30,1,30,0.213400115236,0.08130004390199999,0.106700057618,0.101600054864,0.09140004935599999,0.20070010837799998,0.213400115236,0.11940006447600002,0.137200074088,0.14220007678799998,0.08380004525200001,0.152400082296,0.218400117936,0.165100089154,0.17270009325799998,0.116800063072,0.08130004390199999,0.087600047304,0.1054250569295,0.144781328181875,0.139700075438,0.179700097038,0.213400115236,0.218400117936,2023-01-30
01-31,1,31,0.213400115236,0.08130004390199999,0.106700057618,0.101600054864,0.09400005076,0.208300112482,0.213400115236,0.11940006447600002,0.137200074088,0.14220007678799998,0.08380004525200001,0.152400082296,0.218400117936,0.165100089154,0.17270009325799998,0.12190006582599998,0.08130004390199999,0.088900048006,0.1054250569295,0.14573757869825,0.139700075438,0.181600098064,0.213400115236,0.218400117936,2023-01-31
02-01,2,1,0.213400115236,0.08130004390199999,0.106700057618,0.101600054864,0.09400005076,0.208300112482,0.213400115236,0.11940006447600002,0.137200074088,0.14220007678799998,0.08380004525200001,0.152400082296,0.218400117936,0.165100089154,0.177800096012,0.12190006582599998,0.08130004390199999,0.088900048006,0.1054250569295,0.146056328870375,0.139700075438,0.1854251001295,0.213400115236,0.218400117936,2023-02-01
02-02,2,2,0.213400115236,0.08130004390199999,0.106700057618,0.101600054864,0.09400005076,0.21080011383199998,0.213400115236,0.11940006447600002,0.137200074088,0.14220007678799998,0.08380004525200001,0.152400082296,0.218400117936,0.165100089154,0.18030009736199998,0.12190006582599998,0.08130004390199999,0.088900048006,0.1054250569295,0.14636882903912501,0.139700075438,0.18792510147949998,0.213400115236,0.218400117936,2023-02-02
02-03,2,3,0.215900116586,0.08380004525200001,0.106700057618,0.101600054864,0.09650005211,0.21080011383199998,0.213400115236,0.11940006447600002,0.137200074088,0.14220007678799998,0.08380004525200001,0.152400082296,0.218400117936,0.175300094662,0.18030009736199998,0.12190006582599998,0.08380004525200001,0.090150048681,0.1054250569295,0.1474750796365,0.139700075438,0.18792510147949998,0.214650115911,0.218400117936,2023-02-03
02-04,2,4,0.22100011934000002,0.08380004525200001,0.106700057618,0.104100056214,0.101600054864,0.21080011383199998,0.215900116586,0.11940006447600002,0.14480007819200003,0.14220007678799998,0.088900048006,0.152400082296,0.218400117936,0.177800096012,0.18030009736199998,0.12190006582599998,0.08380004525200001,0.09525005143500001,0.106050057267,0.1493750806625,0.14350007749,0.18792510147949998,0.217150117261,0.22100011934000002,2023-02-04
02-05,2,5,0.228600123444,0.08380004525200001,0.106700057618,0.106700057618,0.109200058968,0.215900116586,0.218400117936,0.11940006447600002,0.147300079542,0.14220007678799998,0.088900048006,0.152400082296,0.218400117936,0.177800096012,0.18030009736199998,0.12190006582599998,0.08380004525200001,0.097800052812,0.1085750586305,0.151118831604125,0.144750078165,0.18920010216799998,0.218400117936,0.228600123444,2023-02-05
02-06,2,6,0.231100124794,0.08380004525200001,0.106700057618,0.106700057618,0.109200058968,0.218400117936,0.218400117936,0.12450006723,0.147300079542,0.14220007678799998,0.09400005076,0.152400082296,0.22350012068999997,0.177800096012,0.18540010011600003,0.12190006582599998,0.08380004525200001,0.100350054189,0.1085750586305,0.152706332461375,0.144750078165,0.19365010457100001,0.220950119313,0.231100124794,2023-02-06
02-07,2,7,0.231100124794,0.08380004525200001,0.106700057618,0.106700057618,0.109200058968,0.218400117936,0.218400117936,0.12450006723,0.147300079542,0.147300079542,0.09400005076,0.152400082296,0.22350012068999997,0.177800096012,0.18540010011600003,0.12190006582599998,0.08380004525200001,0.100350054189,0.1085750586305,0.1530250826335,0.147300079542,0.19365010457100001,0.220950119313,0.231100124794,2023-02-07
02-08,2,8,0.231100124794,0.086400046656,0.106700057618,0.111800060372,0.109200058968,0.218400117936,0.218400117936,0.12450006723,0.152400082296,0.149900080946,0.09400005076,0.152400082296,0.226100122094,0.18800010152,0.195600105624,0.12190006582599998,0.086400046656,0.100350054189,0.111150060021,0.1554250839295,0.151150081621,0.201300108702,0.222250120015,0.231100124794,2023-02-08
02-09,2,9,0.231100124794,0.088900048006,0.106700057618,0.12190006582599998,0.109200058968,0.218400117936,0.218400117936,0.12450006723,0.152400082296,0.149900080946,0.088900048006,0.152400082296,0.226100122094,0.195600105624,0.195600105624,0.12190006582599998,0.088900048006,0.097800052812,0.11872506411149998,0.15636883443912497,0.151150081621,0.201300108702,0.222250120015,0.231100124794,2023-02-09
02-10,2,10,0.236200127548,0.088900048006,0.111800060372,0.12700006858000001,0.116800063072,0.218400117936,0.218400117936,0.12450006723,0.152400082296,0.149900080946,0.088900048006,0.152400082296,0.226100122094,0.195600105624,0.195600105624,0.12190006582599998,0.088900048006,0.100350054189,0.12062506513749999,0.157800085212,0.151150081621,0.201300108702,0.222250120015,0.236200127548,2023-02-10
02-11,2,11,0.241300130302,0.088900048006,0.111800060372,0.12950006993,0.11940006447600002,0.218400117936,0.218400117936,0.12450006723,0.152400082296,0.149900080946,0.088900048006,0.152400082296,0.226100122094,0.195600105624,0.195600105624,0.12190006582599998,0.088900048006,0.100350054189,0.12127506548849999,0.15843758555624998,0.151150081621,0.201300108702,0.222250120015,0.241300130302,2023-02-11
02-12,2,12,0.241300130302,0.088900048006,0.111800060372,0.12950006993,0.11940006447600002,0.218400117936,0.22350012068999997,0.12450006723,0.152400082296,0.149900080946,0.088900048006,0.152400082296,0.226100122094,0.195600105624,0.195600105624,0.12700006858000001,0.088900048006,0.100350054189,0.1232250665415,0.1590750859005,0.151150081621,0.201300108702,0.22480012139199998,0.241300130302,2023-02-12
02-13,2,13,0.241300130302,0.09400005076,0.114300061722,0.137200074088,0.11940006447600002,0.218400117936,0.22350012068999997,0.12450006723,0.152400082296,0.149900080946,0.09400005076,0.152400082296,0.226100122094,0.195600105624,0.195600105624,0.12700006858000001,0.09400005076,0.10415005624099999,0.1232250665415,0.16035008658900002,0.151150081621,0.201300108702,0.22480012139199998,0.241300130302,2023-02-13
02-14,2,14,0.248900134406,0.09400005076,0.114300061722,0.14480007819200003,0.11940006447600002,0.218400117936,0.22350012068999997,0.12450006723,0.1600000864,0.149900080946,0.09910005351399999,0.152400082296,0.226100122094,0.195600105624,0.20070010837799998,0.12700006858000001,0.09400005076,0.106700057618,0.1232250665415,0.16241258770275,0.151150081621,0.20512511076749998,0.22480012139199998,0.248900134406,2023-02-14
02-15,2,15,0.248900134406,0.09400005076,0.114300061722,0.147300079542,0.11940006447600002,0.22350012068999997,0.22350012068999997,0.12700006858000001,0.16260008780399998,0.152400082296,0.09910005351399999,0.152400082296,0.226100122094,0.20070010837799998,0.208300112482,0.12700006858000001,0.09400005076,0.106700057618,0.12510006755400002,0.164156338644375,0.152400082296,0.212100114534,0.22480012139199998,0.248900134406,2023-02-15
02-16,2,16,0.248900134406,0.09400005076,0.114300061722,0.147300079542,0.11940006447600002,0.22350012068999997,0.22350012068999997,0.12700006858000001,0.16760009050400002,0.152400082296,0.111800060372,0.152400082296,0.226100122094,0.20070010837799998,0.213400115236,0.12700006858000001,0.09400005076,0.113050061047,0.12510006755400002,0.16558133941387498,0.152400082296,0.21592511659949998,0.22480012139199998,0.248900134406,2023-02-16
02-17,2,17,0.248900134406,0.09400005076,0.114300061722,0.152400082296,0.11940006447600002,0.22350012068999997,0.226100122094,0.12950006993,0.16760009050400002,0.1600000864,0.116800063072,0.15750008505,0.228600123444,0.20570011107800001,0.22350012068999997,0.12950006993,0.09400005076,0.115550062397,0.12697506856649998,0.168581341033875,0.158750085725,0.22350012068999997,0.227350122769,0.248900134406,2023-02-17
02-18,2,18,0.248900134406,0.09400005076,0.114300061722,0.152400082296,0.11940006447600002,0.22350012068999997,0.22350012068999997,0.12950006993,0.170200091908,0.1600000864,0.116800063072,0.15750008505,0.228600123444,0.20570011107800001,0.231100124794,0.137200074088,0.09400005076,0.115550062397,0.12697506856649998,0.16953759155025,0.158750085725,0.22350012068999997,0.229850124119,0.248900134406,2023-02-18
02-19,2,19,0.25150013581,0.09650005211,0.114300061722,0.152400082296,0.11940006447600002,0.23370012619799999,0.22350012068999997,0.14220007678799998,0.170200091908,0.1600000864,0.116800063072,0.15750008505,0.228600123444,0.208300112482,0.231100124794,0.14480007819200003,0.09650005211,0.115550062397,0.13650007371,0.1719250928395,0.158750085725,0.22477512137849998,0.23240012549599998,0.25150013581,2023-02-19
02-20,2,20,0.271800146772,0.09910005351399999,0.114300061722,0.154900083646,0.11940006447600002,0.231100124794,0.228600123444,0.147300079542,0.170200091908,0.1600000864,0.12450006723,0.15750008505,0.228600123444,0.215900116586,0.23370012619799999,0.14480007819200003,0.09910005351399999,0.116850063099,0.1397250754515,0.175106344557375,0.158750085725,0.228600123444,0.23240012549599998,0.271800146772,2023-02-20
02-21,2,21,0.271800146772,0.101600054864,0.114300061722,0.15750008505,0.12700006858000001,0.228600123444,0.228600123444,0.147300079542,0.170200091908,0.1600000864,0.12700006858000001,0.15750008505,0.228600123444,0.22350012068999997,0.236200127548,0.14480007819200003,0.101600054864,0.120650065151,0.14035007578900002,0.176531345326875,0.158750085725,0.228600123444,0.23240012549599998,0.271800146772,2023-02-21
02-22,2,22,0.274300148122,0.104100056214,0.114300061722,0.15750008505,0.13210007133399998,0.228600123444,0.23880012895200003,0.147300079542,0.170200091908,0.1600000864,0.12700006858000001,0.1600000864,0.236200127548,0.226100122094,0.236200127548,0.14480007819200003,0.104100056214,0.120650065151,0.1416250764775,0.17859384644062498,0.1600000864,0.23050012446999998,0.23750012825,0.274300148122,2023-02-22
02-23,2,23,0.274300148122,0.106700057618,0.114300061722,0.16260008780399998,0.13210007133399998,0.231100124794,0.248900134406,0.147300079542,0.170200091908,0.1600000864,0.12450006723,0.1600000864,0.241300130302,0.226100122094,0.236200127548,0.147300079542,0.106700057618,0.11940006447599999,0.14350007749,0.180181347297875,0.161300087102,0.2323751254825,0.24510013235400002,0.274300148122,2023-02-23
02-24,2,24,0.28700015498,0.106700057618,0.116800063072,0.16260008780399998,0.13210007133399998,0.231100124794,0.25150013581,0.147300079542,0.170200091908,0.1600000864,0.12190006582599998,0.1600000864,0.241300130302,0.226100122094,0.236200127548,0.149900080946,0.106700057618,0.11935006444899998,0.14350007749,0.18129384789862502,0.161300087102,0.2323751254825,0.246400133056,0.28700015498,2023-02-24
02-25,2,25,0.28700015498,0.106700057618,0.116800063072,0.16260008780399998,0.13460007268399998,0.231100124794,0.25150013581,0.149900080946,0.170200091908,0.1600000864,0.12190006582599998,0.1600000864,0.24380013165199996,0.226100122094,0.236200127548,0.15750008505,0.106700057618,0.11935006444899998,0.14607507888049998,0.182243848411625,0.161300087102,0.2323751254825,0.24765013373099998,0.28700015498,2023-02-25
02-26,2,26,0.28960015638400005,0.109200058968,0.116800063072,0.16260008780399998,0.13460007268399998,0.23370012619799999,0.25650013851000003,0.149900080946,0.170200091908,0.1600000864,0.12450006723,0.165100089154,0.24380013165199996,0.226100122094,0.236200127548,0.16260008780399998,0.109200058968,0.12065006515099999,0.14607507888049998,0.18383759927225002,0.163850088479,0.23432512653549997,0.250150135081,0.28960015638400005,2023-02-26
02-27,2,27,0.28960015638400005,0.109200058968,0.11940006447600002,0.165100089154,0.137200074088,0.23370012619799999,0.25650013851000003,0.149900080946,0.170200091908,0.16260008780399998,0.12950006993,0.165100089154,0.24380013165199996,0.23370012619799999,0.236200127548,0.165100089154,0.109200058968,0.124450067203,0.1467250792315,0.18542510012949998,0.165100089154,0.23432512653549997,0.250150135081,0.28960015638400005,2023-02-27
02-28,2,28,0.28960015638400005,0.111800060372,0.11940006447600002,0.175300094662,0.137200074088,0.23370012619799999,0.26420014266799996,0.149900080946,0.170200091908,0.16260008780399998,0.12950006993,0.165100089154,0.246400133056,0.23880012895200003,0.236200127548,0.16260008780399998,0.111800060372,0.124450067203,0.1467250792315,0.187031350996875,0.167650090531,0.236850127899,0.255300137862,0.28960015638400005,2023-02-28
03-01,3,1,0.294600159084,0.114300061722,0.12950006993,0.18030009736199998,0.14220007678799998,0.23370012619799999,0.26420014266799996,0.149900080946,0.175300094662,0.165100089154,0.13210007133399998,0.165100089154,0.25400013716000003,0.241300130302,0.236200127548,0.16260008780399998,0.114300061722,0.130800070632,0.1479750799065,0.1900251026135,0.170200091908,0.2374751282365,0.259100139914,0.294600159084,2023-03-01
03-02,3,2,0.294600159084,0.12450006723,0.12950006993,0.18030009736199998,0.14220007678799998,0.23370012619799999,0.26420014266799996,0.149900080946,0.18030009736199998,0.165100089154,0.13210007133399998,0.165100089154,0.25650013851000003,0.241300130302,0.236200127548,0.16260008780399998,0.12450006723,0.130800070632,0.1479750799065,0.191131353210875,0.172700093258,0.2374751282365,0.26035014058899997,0.294600159084,2023-03-02
03-03,3,3,0.294600159084,0.12450006723,0.12950006993,0.18030009736199998,0.149900080946,0.236200127548,0.26420014266799996,0.149900080946,0.18540010011600003,0.165100089154,0.13210007133399998,0.165100089154,0.25650013851000003,0.241300130302,0.236200127548,0.170200091908,0.12450006723,0.130800070632,0.149900080946,0.19256260398375,0.175250094635,0.2374751282365,0.26035014058899997,0.294600159084,2023-03-03
03-04,3,4,0.294600159084,0.12700006858000001,0.137200074088,0.18030009736199998,0.152400082296,0.23880012895200003,0.26420014266799996,0.149900080946,0.18540010011600003,0.165100089154,0.13210007133399998,0.165100089154,0.25650013851000003,0.25400013716000003,0.24380013165199996,0.175300094662,0.12700006858000001,0.134650072711,0.15177508195849998,0.195106355357375,0.17780009601199998,0.24635013302899997,0.26035014058899997,0.294600159084,2023-03-04
03-05,3,5,0.297200160488,0.12700006858000001,0.137200074088,0.18540010011600003,0.152400082296,0.23880012895200003,0.26420014266799996,0.152400082296,0.18540010011600003,0.165100089154,0.137200074088,0.170200091908,0.259100139914,0.25650013851000003,0.248900134406,0.175300094662,0.12700006858000001,0.137200074088,0.152400082296,0.197018856390125,0.180350097389,0.250800135432,0.26165014129099995,0.297200160488,2023-03-05
03-06,3,6,0.297200160488,0.12700006858000001,0.137200074088,0.18540010011600003,0.152400082296,0.23880012895200003,0.26670014401799996,0.152400082296,0.18800010152,0.165100089154,0.137200074088,0.18290009876600002,0.274300148122,0.261600141264,0.25150013581,0.177800096012,0.12700006858000001,0.137200074088,0.152400082296,0.199718857848125,0.18415009944100003,0.2540251371735,0.27050014606999995,0.297200160488,2023-03-06
03-07,3,7,0.299700161838,0.12700006858000001,0.137200074088,0.19050010287,0.152400082296,0.23880012895200003,0.271800146772,0.152400082296,0.19300010422,0.165100089154,0.137200074088,0.18540010011600003,0.276900149526,0.261600141264,0.25150013581,0.18290009876600002,0.12700006858000001,0.137200074088,0.152400082296,0.20146260878975,0.187950101493,0.2540251371735,0.274350148149,0.299700161838,2023-03-07
03-08,3,8,0.302300163242,0.12950006993,0.137200074088,0.19050010287,0.152400082296,0.23880012895200003,0.271800146772,0.152400082296,0.195600105624,0.16760009050400002,0.137200074088,0.18540010011600003,0.276900149526,0.261600141264,0.25150013581,0.18290009876600002,0.12950006993,0.137200074088,0.152400082296,0.202100109134,0.187950101493,0.2540251371735,0.274350148149,0.302300163242,2023-03-08
03-09,3,9,0.309900167346,0.12950006993,0.14220007678799998,0.19050010287,0.152400082296,0.241300130302,0.271800146772,0.152400082296,0.203200109728,0.16760009050400002,0.137200074088,0.19050010287,0.28190015222599996,0.26420014266799996,0.25150013581,0.18290009876600002,0.12950006993,0.139700075438,0.152400082296,0.20431261032875,0.19050010287,0.2546751375245,0.276850149499,0.309900167346,2023-03-09
03-10,3,10,0.309900167346,0.12950006993,0.147300079542,0.19050010287,0.154900083646,0.241300130302,0.271800146772,0.152400082296,0.203200109728,0.18030009736199998,0.147300079542,0.198100106974,0.28450015363,0.26420014266799996,0.25150013581,0.18290009876600002,0.12950006993,0.147300079542,0.15427508330849998,0.206850111699,0.194300104922,0.2546751375245,0.278150150201,0.309900167346,2023-03-10
03-11,3,11,0.309900167346,0.12950006993,0.147300079542,0.19050010287,0.154900083646,0.24380013165199996,0.271800146772,0.152400082296,0.203200109728,0.18030009736199998,0.147300079542,0.198100106974,0.294600159084,0.26420014266799996,0.25150013581,0.18290009876600002,0.12950006993,0.147300079542,0.15427508330849998,0.20763761212425,0.194300104922,0.2546751375245,0.283200152928,0.309900167346,2023-03-11
03-12,3,12,0.302300163242,0.12950006993,0.147300079542,0.195600105624,0.154900083646,0.24380013165199996,0.271800146772,0.152400082296,0.20570011107800001,0.18030009736199998,0.152400082296,0.198100106974,0.294600159084,0.26420014266799996,0.25150013581,0.175300094662,0.12950006993,0.14985008091899998,0.15427508330849998,0.207481362039875,0.196850106299,0.2546751375245,0.283200152928,0.302300163242,2023-03-12
03-13,3,13,0.294600159084,0.12950006993,0.147300079542,0.198100106974,0.154900083646,0.24380013165199996,0.271800146772,0.152400082296,0.21080011383199998,0.18030009736199998,0.152400082296,0.203200109728,0.299700161838,0.26420014266799996,0.25400013716000003,0.17270009325799998,0.12950006993,0.14985008091899998,0.15427508330849998,0.208106362377375,0.200650108351,0.25655013853700004,0.283200152928,0.299700161838,2023-03-13
03-14,3,14,0.297200160488,0.12950006993,0.14480007819200003,0.198100106974,0.154900083646,0.24380013165199996,0.25650013851000003,0.152400082296,0.218400117936,0.18030009736199998,0.165100089154,0.208300112482,0.299700161838,0.271800146772,0.25650013851000003,0.16260008780399998,0.12950006993,0.148600080244,0.16067508676449999,0.20874386272162498,0.203200109728,0.25650013851000003,0.28450015363000003,0.299700161838,2023-03-14
03-15,3,15,0.294600159084,0.12950006993,0.14220007678799998,0.198100106974,0.154900083646,0.24380013165199996,0.25400013716000003,0.1600000864,0.218400117936,0.18800010152,0.18030009736199998,0.208300112482,0.299700161838,0.274300148122,0.259100139914,0.16260008780399998,0.12950006993,0.148550080217,0.161950087453,0.21048761366325,0.203200109728,0.25527513784850003,0.28445015360299997,0.299700161838,2023-03-15
03-16,3,16,0.302300163242,0.12700006858000001,0.137200074088,0.198100106974,0.149900080946,0.25150013581,0.246400133056,0.165100089154,0.218400117936,0.18800010152,0.18030009736199998,0.208300112482,0.30730016594200005,0.28450015363,0.26420014266799996,0.16260008780399998,0.12700006858000001,0.143550077517,0.1644750888165,0.211943864449625,0.203200109728,0.2546751375245,0.293400158436,0.30730016594200005,2023-03-16
03-17,3,17,0.302300163242,0.11940006447600002,0.13460007268399998,0.198100106974,0.147300079542,0.259100139914,0.241300130302,0.165100089154,0.218400117936,0.18800010152,0.18030009736199998,0.21080011383199998,0.30730016594200005,0.28450015363,0.26420014266799996,0.15750008505,0.11940006447600002,0.14095007611299998,0.16320008812800002,0.21113761401424996,0.20445011040299998,0.2603751406025,0.293400158436,0.30730016594200005,2023-03-17
03-18,3,18,0.304800164592,0.114300061722,0.13970007543799998,0.20570011107800001,0.14480007819200003,0.259100139914,0.23880012895200003,0.17270009325799998,0.218400117936,0.18800010152,0.18030009736199998,0.21080011383199998,0.30730016594200005,0.28450015363,0.26420014266799996,0.152400082296,0.114300061722,0.14225007681500001,0.1676250905175,0.21161261427074998,0.208250112455,0.2603751406025,0.294650159111,0.30730016594200005,2023-03-18
03-19,3,19,0.312400168696,0.114300061722,0.14220007678799998,0.20570011107800001,0.14480007819200003,0.259100139914,0.23370012619799999,0.177800096012,0.218400117936,0.18800010152,0.18030009736199998,0.21080011383199998,0.30730016594200005,0.28450015363,0.271800146772,0.13970007543799998,0.114300061722,0.14095007611299998,0.16955009155700002,0.21192511443950002,0.208250112455,0.26227514162849996,0.29590015978600004,0.312400168696,2023-03-19
03-20,3,20,0.3200001728,0.11940006447600002,0.14220007678799998,0.20570011107800001,0.13970007543799998,0.259100139914,0.22350012068999997,0.177800096012,0.218400117936,0.18800010152,0.18030009736199998,0.21080011383199998,0.309900167346,0.28450015363,0.271800146772,0.116800063072,0.116800063072,0.129550069957,0.168900091206,0.21049386366662498,0.208250112455,0.26227514162849996,0.297200160488,0.3200001728,2023-03-20
03-21,3,21,0.3200001728,0.11940006447600002,0.14220007678799998,0.20570011107800001,0.13970007543799998,0.259100139914,0.215900116586,0.177800096012,0.218400117936,0.19300010422,0.19050010287,0.21080011383199998,0.309900167346,0.28450015363,0.271800146772,0.09140004935599999,0.09140004935599999,0.129550069957,0.168900091206,0.20938136306587501,0.208250112455,0.26227514162849996,0.297200160488,0.3200001728,2023-03-21
03-22,3,22,0.3200001728,0.12190006582599998,0.154900083646,0.20570011107800001,0.13970007543799998,0.259100139914,0.20570011107800001,0.18290009876600002,0.218400117936,0.195600105624,0.19050010287,0.21080011383199998,0.312400168696,0.28450015363,0.271800146772,0.068600037044,0.068600037044,0.13080007063199997,0.175900094986,0.208906362809375,0.20570011107800001,0.26227514162849996,0.298450161163,0.3200001728,2023-03-22
03-23,3,23,0.3200001728,0.12190006582599998,0.15750008505,0.20570011107800001,0.13970007543799998,0.25650013851000003,0.19300010422,0.18290009876600002,0.228600123444,0.20070010837799998,0.195600105624,0.21080011383199998,0.31750017145000003,0.28450015363,0.274300148122,0.053300028782,0.053300028782,0.13080007063199997,0.176550095337,0.208906362809375,0.203200109728,0.260950140913,0.30100016254,0.3200001728,2023-03-23
03-24,3,24,0.32770017695799997,0.12190006582599998,0.1600000864,0.20570011107800001,0.14220007678799998,0.26420014266799996,0.195600105624,0.18800010152,0.228600123444,0.20070010837799998,0.20070010837799998,0.21080011383199998,0.322600174204,0.27940015087599995,0.26920014536799997,0.043200023328,0.043200023328,0.13205007130699997,0.18100009773999998,0.21003136341687498,0.203200109728,0.265450143343,0.30100016253999995,0.32770017695799997,2023-03-24
03-25,3,25,0.32770017695799997,0.116800063072,0.1600000864,0.20570011107800001,0.14480007819200003,0.271800146772,0.195600105624,0.18800010152,0.228600123444,0.203200109728,0.20070010837799998,0.20570011107800001,0.322600174204,0.274300148122,0.26420014266799996,0.007600004103999999,0.007600004103999999,0.130800070632,0.18100009773999998,0.207331361958875,0.204450110403,0.266100143694,0.298450161163,0.32770017695799997,2023-03-25
03-26,3,26,0.32510017555399995,0.109200058968,0.165100089154,0.20570011107800001,0.14480007819200003,0.27940015087599995,0.198100106974,0.18800010152,0.228600123444,0.203200109728,0.20070010837799998,0.203200109728,0.322600174204,0.276900149526,0.261600141264,0.0,0.0,0.12700006858000001,0.18227509842849998,0.20701261178675,0.203200109728,0.2654251433295,0.30100016253999995,0.32510017555399995,2023-03-26
03-27,3,27,0.3150001701,0.09650005211,0.165100089154,0.215900116586,0.14220007678799998,0.27940015087599995,0.198100106974,0.18800010152,0.228600123444,0.208300112482,0.20070010837799998,0.20070010837799998,0.322600174204,0.28450015363,0.25150013581,0.0,0.0,0.11935006444899998,0.18227509842849998,0.20606886127712498,0.20450011043,0.25847513957650003,0.299750161865,0.322600174204,2023-03-27
03-28,3,28,0.3150001701,0.101600054864,0.165100089154,0.228600123444,0.13210007133399998,0.27940015087599995,0.218400117936,0.18800010152,0.226100122094,0.21080011383199998,0.20070010837799998,0.19300010422,0.32510017555399995,0.28450015363,0.246400133056,0.0,0.0,0.11685006309899999,0.18227509842849998,0.2071751118745,0.214600115884,0.25465013751099996,0.299750161865,0.32510017555399995,2023-03-28
03-29,3,29,0.322600174204,0.101600054864,0.165100089154,0.228600123444,0.12190006582599998,0.28450015363,0.22100011934000002,0.19050010287,0.226100122094,0.21080011383199998,0.20070010837799998,0.18540010011600003,0.32770017695799997,0.28450015363,0.246400133056,0.0,0.0,0.11175006034499999,0.1803250973755,0.20733761196224998,0.215900116586,0.2559251381995,0.30355016391699996,0.32770017695799997,2023-03-29
03-30,3,30,0.322600174204,0.09140004935599999,0.16260008780399998,0.228600123444,0.114300061722,0.28700015498,0.218400117936,0.19050010287,0.23370012619799999,0.21080011383199998,0.20070010837799998,0.19300010422,0.32770017695799997,0.28700015498,0.25400013716000003,0.0,0.0,0.102850055539,0.18352509910349998,0.20764386212762498,0.214600115884,0.26225014161500004,0.304800164592,0.32770017695799997,2023-03-30
03-31,3,31,0.337800182412,0.09140004935599999,0.1600000864,0.241300130302,0.104100056214,0.28960015638400005,0.231100124794,0.19050010287,0.23370012619799999,0.215900116586,0.20070010837799998,0.19300010422,0.335300181062,0.28700015498,0.25400013716000003,0.0,0.0,0.09775005278499999,0.1828750987525,0.21033761358225,0.22350012069,0.26225014161500004,0.312450168723,0.337800182412,2023-03-31
04-01,4,1,0.337800182412,0.07110003839399999,0.152400082296,0.24380013165199996,0.09140004935599999,0.294600159084,0.236200127548,0.19050010287,0.23370012619799999,0.218400117936,0.20070010837799998,0.19300010422,0.340400183816,0.28960015638400005,0.26670014401799996,0.0,0.0,0.08125004387499998,0.1809750977265,0.210018863410125,0.22605012206699998,0.2724251471095,0.316200170748,0.340400183816,2023-04-01
04-02,4,2,0.337800182412,0.050800027432,0.177800096012,0.246400133056,0.088900048006,0.304800164592,0.23370012619799999,0.19050010287,0.23370012619799999,0.218400117936,0.20070010837799998,0.19050010287,0.340400183816,0.294600159084,0.271800146772,0.0,0.0,0.069850037719,0.1873251011555,0.211300114102,0.22605012206699998,0.27750014985,0.321300173502,0.340400183816,2023-04-02
04-03,4,3,0.340400183816,0.058400031536,0.19050010287,0.246400133056,0.09910005351399999,0.302300163242,0.23880012895200003,0.19050010287,0.23370012619799999,0.22100011934000002,0.195600105624,0.18030009736199998,0.34540018651599996,0.294600159084,0.276900149526,0.022900012366000002,0.022900012366000002,0.078750042525,0.18795010149299998,0.214800115992,0.22735012276900002,0.2813251519155,0.32135017352899997,0.34540018651599996,2023-04-03
04-04,4,4,0.340400183816,0.058400031536,0.18290009876600002,0.246400133056,0.09910005351399999,0.299700161838,0.24380013165199996,0.19050010287,0.23370012619799999,0.22100011934000002,0.18030009736199998,0.175300094662,0.36070019477799997,0.294600159084,0.276900149526,0.020300010961999997,0.020300010961999997,0.078750042525,0.17905009668699998,0.21400011555999998,0.22735012276900002,0.2813251519155,0.320050172827,0.36070019477799997,2023-04-04
04-05,4,5,0.34540018651599996,0.058400031536,0.18030009736199998,0.248900134406,0.09650005211,0.297200160488,0.24380013165199996,0.19050010287,0.22350012068999997,0.22100011934000002,0.165100089154,0.177800096012,0.37850020439,0.294600159084,0.276900149526,0.020300010961999997,0.020300010961999997,0.077450041823,0.1746250942975,0.213668865381125,0.222250120015,0.2813251519155,0.321300173502,0.37850020439,2023-04-05
04-06,4,6,0.3480001879199999,0.040600021923999995,0.18030009736199998,0.25150013581,0.086400046656,0.294600159084,0.241300130302,0.18290009876600002,0.218400117936,0.22100011934000002,0.16260008780399998,0.18030009736199998,0.37850020439,0.294600159084,0.276900149526,0.0,0.0,0.06350003429,0.17587509497249998,0.209868863329125,0.219700118638,0.2813251519155,0.32130017350199996,0.37850020439,2023-04-06
04-07,4,7,0.3480001879199999,0.03050001647,0.18290009876600002,0.25400013716000003,0.07110003839399999,0.292100157734,0.23880012895200003,0.175300094662,0.213400115236,0.215900116586,0.165100089154,0.18030009736199998,0.37850020439,0.299700161838,0.276900149526,0.0,0.0,0.050800027431999996,0.17275009328500002,0.207656362134375,0.214650115911,0.280700151578,0.323850174879,0.37850020439,2023-04-07
04-08,4,8,0.355600192024,0.020300010961999997,0.18540010011600003,0.248900134406,0.068600037044,0.28960015638400005,0.22350012068999997,0.17270009325799998,0.213400115236,0.213400115236,0.165100089154,0.18030009736199998,0.37850020439,0.304800164592,0.276900149526,0.0,0.0,0.044450024003,0.170800092232,0.20606261127375,0.213400115236,0.28007515124050003,0.33020017830799997,0.37850020439,2023-04-08
04-09,4,9,0.373400201636,0.020300010961999997,0.19300010422,0.241300130302,0.068600037044,0.28450015363,0.228600123444,0.175300094662,0.21080011383199998,0.213400115236,0.1600000864,0.17270009325799998,0.37850020439,0.304800164592,0.26920014536799997,0.0,0.0,0.044450024003,0.16952509154349998,0.205900111186,0.212100114534,0.2730251474335,0.33910018311400003,0.37850020439,2023-04-09
04-10,4,10,0.373400201636,0.005100002754000001,0.19050010287,0.218400117936,0.068600037044,0.274300148122,0.236200127548,0.177800096012,0.228600123444,0.20570011107800001,0.15750008505,0.1600000864,0.37850020439,0.304800164592,0.259100139914,0.0,0.0,0.036850019899,0.1593750860625,0.20240635929937498,0.212050114507,0.262900141966,0.33910018311400003,0.37850020439,2023-04-10
04-11,4,11,0.373400201636,0.0,0.195600105624,0.20570011107800001,0.058400031536,0.26670014401799996,0.23370012619799999,0.16760009050400002,0.25400013716000003,0.20070010837799998,0.152400082296,0.1600000864,0.37850020439,0.297200160488,0.248900134406,0.0,0.0,0.029200015768,0.158100085374,0.199550107757,0.203200109728,0.2571751388745,0.335300181062,0.37850020439,2023-04-11
04-12,4,12,0.373400201636,0.0,0.198100106974,0.18800010152,0.040600021923999995,0.26420014266799996,0.228600123444,0.149900080946,0.25400013716000003,0.19050010287,0.14480007819200003,0.165100089154,0.368300198882,0.28960015638400005,0.23370012619799999,0.0,0.0,0.020300010961999997,0.1486250802575,0.19305010424699998,0.194300104922,0.25655013853700004,0.32895017763300005,0.373400201636,2023-04-12
04-13,4,13,0.37850020439,0.0,0.198100106974,0.18290009876600002,0.035600019223999996,0.25650013851000003,0.22100011934000002,0.16260008780399998,0.25400013716000003,0.18800010152,0.14220007678799998,0.165100089154,0.36320019612800003,0.28190015222599996,0.22100011934000002,0.0,0.0,0.017800009611999998,0.15750008505,0.19066260295775,0.19305010424699998,0.25462513749750004,0.322550174177,0.37850020439,2023-04-13
04-14,4,14,0.37850020439,0.0,0.203200109728,0.18540010011600003,0.022900012366000002,0.248900134406,0.19300010422,0.16260008780399998,0.25400013716000003,0.18800010152,0.13970007543799998,0.165100089154,0.36070019477799997,0.26920014536799997,0.22100011934000002,0.0,0.0,0.011450006183000001,0.15687508471249997,0.18701260098675,0.19050010287,0.2501751350945,0.31495017007299997,0.37850020439,2023-04-14
04-15,4,15,0.37850020439,0.0,0.20570011107800001,0.19300010422,0.025400013716,0.241300130302,0.18290009876600002,0.16260008780399998,0.246400133056,0.18800010152,0.14220007678799998,0.165100089154,0.36070019477799997,0.25150013581,0.21080011383199998,0.0,0.0,0.012700006858,0.15750008505,0.184631349700875,0.19050010287,0.24257513099050002,0.30610016529399997,0.37850020439,2023-04-15
04-16,4,16,0.36070019477799997,0.0,0.208300112482,0.18540010011600003,0.027900015065999997,0.231100124794,0.18030009736199998,0.1600000864,0.248900134406,0.18800010152,0.14220007678799998,0.18030009736199998,0.358100193374,0.23880012895200003,0.195600105624,,0.0,0.0736200397548,0.170150091881,0.1937067712682667,0.18800010152,0.23495012687300001,0.3144201697868,0.36070019477799997,2023-04-16
04-17,4,17,0.340400183816,0.0,0.21080011383199998,0.18540010011600003,0.03300001782,0.236200127548,0.16760009050400002,0.14220007678799998,0.248900134406,0.203200109728,0.14220007678799998,0.18030009736199998,0.358100193374,0.23880012895200003,0.19050010287,,0.0,0.0766800414072,0.154900083646,0.1918401035936,0.19050010287,0.23750012825,0.303800164052,0.358100193374,2023-04-17
04-18,4,18,0.3150001701,0.0,0.21080011383199998,0.177800096012,0.03300001782,0.23880012895200003,0.14220007678799998,0.152400082296,0.246400133056,0.208300112482,0.13970007543799998,0.18030009736199998,0.358100193374,0.226100122094,0.20070010837799998,,0.0,0.07568004086720001,0.14730007954199997,0.18864010186559999,0.20070010837799998,0.232450125523,0.2875601552824,0.358100193374,2023-04-18
04-19,4,19,0.32510017555399995,0.0,0.21080011383199998,0.16760009050400002,0.022900012366000002,0.23880012895200003,0.12950006993,0.152400082296,0.241300130302,0.208300112482,0.13460007268399998,0.177800096012,0.36320019612800003,0.218400117936,0.20070010837799998,,0.0,0.06554003539160001,0.14350007749,0.18609343382373336,0.20070010837799998,0.22860012344400002,0.29158015745319993,0.36320019612800003,2023-04-19
04-20,4,20,0.32770017695799997,0.0,0.215900116586,0.152400082296,0.0,0.23880012895200003,0.12950006993,0.152400082296,0.228600123444,0.208300112482,0.12190006582599998,0.15750008505,0.36580019753200005,0.21080011383199998,0.203200109728,,0.0,0.04876002633040001,0.14095007611299998,0.1808534309941333,0.203200109728,0.222250120015,0.2921401577556,0.36580019753200005,2023-04-20
04-21,4,21,0.322600174204,0.0,0.22100011934000002,0.137200074088,0.0,0.25150013581,0.12700006858000001,0.147300079542,0.218400117936,0.208300112482,0.13970007543799998,0.149900080946,0.373400201636,0.203200109728,0.20070010837799998,,0.0,0.050800027432000024,0.13845007476299998,0.18001343054053334,0.20070010837799998,0.219700118638,0.2941601588464,0.373400201636,2023-04-21
04-22,4,22,0.3150001701,0.0,0.22350012068999997,0.12190006582599998,0.0,0.246400133056,0.12700006858000001,0.13210007133399998,0.213400115236,0.208300112482,0.137200074088,0.13210007133399998,0.37850020439,0.195600105624,0.195600105624,,0.0,0.04876002633040001,0.129550069957,0.1751067612242667,0.195600105624,0.21845011796299998,0.2875601552824,0.37850020439,2023-04-22
04-23,4,23,0.28700015498,0.0,0.226100122094,0.104100056214,0.0,0.228600123444,0.12700006858000001,0.114300061722,0.213400115236,0.20570011107800001,0.137200074088,0.13970007543799998,0.37850020439,0.175300094662,0.177800096012,,0.0,0.04164002248560001,0.120650065151,0.16764675719586666,0.175300094662,0.219750118665,0.26364014236559996,0.37850020439,2023-04-23
04-24,4,24,0.26920014536799997,0.0,0.226100122094,0.101600054864,0.0,0.21080011383199998,0.111800060372,0.09650005211,0.195600105624,0.198100106974,0.12950006993,0.147300079542,0.37850020439,0.154900083646,0.154900083646,,0.0,0.038600020844000014,0.106700057618,0.15832008549280002,0.154900083646,0.20445011040299998,0.25196013605839995,0.37850020439,2023-04-24
04-25,4,25,0.241300130302,0.0,0.226100122094,0.09400005076,0.0,0.203200109728,0.116800063072,0.07110003839399999,0.18290009876600002,0.18800010152,0.12190006582599998,0.147300079542,0.38100020574,0.13210007133399998,0.137200074088,,0.0,0.028440015357600004,0.10540005691599999,0.14952674741106667,0.137200074088,0.195600105624,0.2352201270188,0.38100020574,2023-04-25
04-26,4,26,0.226100122094,0.0,0.218400117936,0.08130004390199999,0.0,0.20070010837799998,0.12190006582599998,0.045700024677999995,0.16260008780399998,0.18030009736199998,0.101600054864,0.14220007678799998,0.386100208494,0.114300061722,0.12190006582599998,,0.0,0.018280009871200004,0.091450049383,0.14020674237826664,0.12190006582599998,0.19050010286999997,0.2230201204308,0.386100208494,2023-04-26
04-27,4,27,0.228600123444,0.0,0.215900116586,0.086400046656,0.0,0.208300112482,0.12190006582599998,0.017800009611999998,0.152400082296,0.165100089154,0.101600054864,0.12700006858000001,0.38350020709000004,0.101600054864,0.101600054864,,0.0,0.007120003844800001,0.09400005076000001,0.13411340575453334,0.12190006582599998,0.186700100818,0.2235201207008,0.38350020709000004,2023-04-27
04-28,4,28,0.23370012619799999,0.0,0.20570011107800001,0.09140004935599999,0.0,0.22350012068999997,0.12950006993,0.0,0.13210007133399998,0.14480007819200003,0.106700057618,0.109200058968,0.355600192024,0.104100056214,0.086400046656,,0.0,0.0,0.08890004800599999,0.1281800692172,0.109200058968,0.17525009463500002,0.22962012399479997,0.355600192024,2023-04-28
04-29,4,29,0.248900134406,0.005100002754000001,0.18800010152,0.09140004935599999,0.0,0.226100122094,0.14220007678799998,0.0,0.116800063072,0.12700006858000001,0.09400005076,0.09140004935599999,0.335300181062,0.09650005211,0.07110003839399999,,0.0,0.002040001101600001,0.08125004387499998,0.12225339935013334,0.09650005211,0.16510008915399998,0.23978012948119998,0.335300181062,2023-04-29
04-30,4,30,0.25650013851000003,0.0,0.16760009050400002,0.09650005211,0.0,0.226100122094,0.14220007678799998,0.0,0.109200058968,0.109200058968,0.073700039798,0.088900048006,0.309900167346,0.088900048006,0.048300026082,,0.0,0.0,0.06100003294,0.11446672847866667,0.09650005211,0.154900083646,0.2443401319436,0.309900167346,2023-04-30
05-01,5,1,0.248900134406,0.0,0.149900080946,0.09650005211,0.0,0.22350012068999997,0.14220007678799998,0.0,0.114300061722,0.086400046656,0.043200023328,0.086400046656,0.299700161838,0.073700039798,0.027900015065999997,,0.0,0.0,0.035550019197,0.10617339066693333,0.086400046656,0.146050078867,0.23874012891959998,0.299700161838,2023-05-01
05-02,5,2,0.231100124794,0.0,0.152400082296,0.08380004525200001,0.0,0.215900116586,0.13460007268399998,0.0,0.114300061722,0.06350003429000001,0.020300010961999997,0.076200041148,0.28450015363,0.055900030186,0.012700006858,,0.0,0.0,0.01650000891,0.09634671869386666,0.076200041148,0.14350007749,0.2250201215108,0.28450015363,2023-05-02
05-03,5,3,0.22100011934000002,0.0,0.149900080946,0.06100003294,0.0,0.21080011383199998,0.13210007133399998,0.020300010961999997,0.11940006447600002,0.048300026082,0.0,0.055900030186,0.271800146772,0.043200023328,0.0,,0.0,0.0,0.010150005480999999,0.08891338134653332,0.055900030186,0.14100007613999999,0.2169201171368,0.271800146772,2023-05-03
05-04,5,4,0.215900116586,0.0,0.137200074088,0.035600019223999996,0.0,0.203200109728,0.116800063072,0.0,0.109200058968,0.038100020574,0.0,0.050800027432,0.25150013581,0.027900015065999997,0.0,,0.0,0.0,0.0,0.07908004270319999,0.038100020574,0.12700006858000001,0.2108201138428,0.25150013581,2023-05-04
05-05,5,5,0.195600105624,0.0,0.13210007133399998,0.005100002754000001,0.0,0.18540010011600003,0.086400046656,0.0,0.09140004935599999,0.03050001647,0.0,0.040600021923999995,0.226100122094,0.022900012366000002,0.0,,0.0,0.0,0.0,0.0677400365796,0.03050001647,0.11175006034499999,0.1915201034208,0.226100122094,2023-05-05
05-06,5,6,0.170200091908,0.0,0.12190006582599998,0.0,0.0,0.154900083646,0.050800027432,0.0,0.07110003839399999,0.0,0.0,0.03050001647,0.198100106974,0.012700006858,0.0,,0.0,0.0,0.0,0.054013362500533325,0.012700006858,0.09650005210999998,0.1640800886032,0.198100106974,2023-05-06
05-07,5,7,0.147300079542,0.0,0.11940006447600002,0.0,0.0,0.13460007268399998,0.022900012366000002,0.0,0.053300028782,0.0,0.0,0.025400013716,0.19300010422,0.017800009611999998,0.0,,0.0,0.0,0.0,0.047580025693199995,0.017800009611999998,0.086350046629,0.1422200767988,0.19300010422,2023-05-07
05-08,5,8,0.149900080946,0.0,0.104100056214,0.0,0.0,0.12450006723,0.007600004103999999,0.0,0.050800027432,0.0,0.0,0.0,0.18030009736199998,0.025400013716,0.0,,0.0,0.0,0.0,0.042840023133600004,0.0,0.077450041823,0.1397400754596,0.18030009736199998,2023-05-08
05-09,5,9,0.1600000864,0.0,0.09910005351399999,0.0,0.0,0.12450006723,0.005100002754000001,0.0,0.040600021923999995,0.0,0.0,0.0,0.154900083646,0.040600021923999995,0.0,,0.0,0.0,0.0,0.041653355826133324,0.0,0.06985003771899999,0.1427400770796,0.1600000864,2023-05-09
05-10,5,10,0.16260008780399998,0.0,0.086400046656,0.0,0.0,0.13970007543799998,0.0,0.0,0.03300001782,0.0,0.0,0.0,0.13210007133399998,0.040600021923999995,0.0,,0.0,0.0,0.0,0.03962668806506666,0.0,0.06350003429,0.13666007379639997,0.16260008780399998,2023-05-10
05-11,5,11,0.147300079542,0.0,0.06350003429000001,0.0,0.0,0.12950006993,0.0,0.0,0.012700006858,0.0,0.017800009611999998,0.0,0.106700057618,0.053300028782,0.0,,0.0,0.0,0.0,0.035386685775466664,0.0,0.058400031536,0.12038006500519999,0.147300079542,2023-05-11
05-12,5,12,0.116800063072,0.0,0.040600021923999995,0.017800009611999998,0.0,0.12190006582599998,0.0,0.0,0.0,0.0,0.0,0.0,0.08130004390199999,0.045700024677999995,0.0,,0.0,0.0,0.0,0.02827334860093333,0.0,0.043150023301,0.10260005540399998,0.12190006582599998,2023-05-12
05-13,5,13,0.08380004525200001,0.0,0.010200005508000001,0.012700006858,0.0,0.109200058968,0.0,0.0,0.0,0.0,0.0,0.0,0.053300028782,0.03300001782,0.0,,0.0,0.0,0.0,0.02014667754586667,0.0,0.022850012338999998,0.071600038664,0.109200058968,2023-05-13
05-14,5,14,0.055900030186,0.0,0.0,0.005100002754000001,0.0,0.08130004390199999,0.0,0.0,0.0,0.0,0.0,0.0,0.025400013716,0.012700006858,0.0,,0.0,0.0,0.0,0.012026673161066667,0.0,0.008900004806,0.043700023597999994,0.08130004390199999,2023-05-14
05-15,5,15,0.022900012366000002,0.0,0.0,0.0,0.0,0.045700024677999995,0.0,0.0,0.0,0.0,0.0,0.0,0.0,0.0,0.0,,0.0,0.0,0.0,0.004573335802933333,0.0,0.0,0.013740007419599994,0.045700024677999995,2023-05-15
05-16,5,16,0.0,0.0,0.0,0.0,0.0,0.025400013716,0.0,0.0,0.0,0.0,0.0,0.0,0.0,0.0,0.0,,0.0,0.0,0.0,0.0016933342477333335,0.0,0.0,0.0,0.025400013716,2023-05-16
05-17,5,17,0.0,0.0,0.0,0.0,0.0,0.012700006858,0.0,0.0,0.0,0.0,0.0,0.0,0.0,0.0,0.0,,0.0,0.0,0.0,0.0008466671238666668,0.0,0.0,0.0,0.012700006858,2023-05-17
05-18,5,18,0.0,0.0,0.0,0.0,0.0,0.0,0.0,0.0,0.0,0.0,0.0,0.0,0.0,0.0,0.0,,0.0,0.0,0.0,0.0,0.0,0.0,0.0,0.0,2023-05-18
05-19,5,19,0.0,0.0,0.0,0.0,0.0,0.0,0.0,0.0,0.0,0.0,0.0,0.0,0.0,0.0,0.0,,0.0,0.0,0.0,0.0,0.0,0.0,0.0,0.0,2023-05-19
05-20,5,20,0.0,0.0,0.0,0.0,0.0,0.0,0.0,0.0,0.0,0.0,0.0,0.0,0.0,0.0,0.0,,0.0,0.0,0.0,0.0,0.0,0.0,0.0,0.0,2023-05-20
05-21,5,21,0.0,0.0,0.0,0.0,0.0,0.0,0.0,0.0,0.0,0.0,0.0,0.0,0.0,0.0,0.0,,0.0,0.0,0.0,0.0,0.0,0.0,0.0,0.0,2023-05-21
05-22,5,22,0.0,0.0,0.0,0.0,0.0,0.0,0.0,0.0,0.007600004103999999,0.0,0.0,0.0,0.0,0.0,0.0,,0.0,0.0,0.0,0.0005066669402666666,0.0,0.0,0.0,0.007600004103999999,2023-05-22
05-23,5,23,0.0,0.0,0.0,0.0,0.0,0.0,0.0,0.0,0.0,0.0,0.0,0.0,0.0,0.0,0.0,,0.0,0.0,0.0,0.0,0.0,0.0,0.0,0.0,2023-05-23
05-24,5,24,0.0,0.0,0.0,0.0,0.0,0.0,0.0,0.0,0.0,0.0,0.0,0.0,0.0,0.0,0.0,,0.0,0.0,0.0,0.0,0.0,0.0,0.0,0.0,2023-05-24
05-25,5,25,0.0,0.0,0.0,0.0,0.0,0.0,0.0,0.0,0.0,0.0,0.0,0.0,0.0,0.0,0.0,,0.0,0.0,0.0,0.0,0.0,0.0,0.0,0.0,2023-05-25
05-26,5,26,0.0,0.0,0.0,0.0,0.0,0.0,0.0,0.0,0.0,0.0,0.0,0.0,0.0,0.0,0.0,,0.0,0.0,0.0,0.0,0.0,0.0,0.0,0.0,2023-05-26
05-27,5,27,0.0,0.0,0.0,0.0,0.0,0.0,0.0,0.0,0.0,0.0,0.0,0.0,0.0,0.0,0.0,,0.0,0.0,0.0,0.0,0.0,0.0,0.0,0.0,2023-05-27
05-28,5,28,0.0,0.0,0.0,0.0,0.0,0.0,0.0,0.0,0.0,0.0,0.0,0.0,0.0,0.0,0.0,,0.0,0.0,0.0,0.0,0.0,0.0,0.0,0.0,2023-05-28
05-29,5,29,0.0,0.0,0.0,0.0,0.0,0.0,0.0,0.0,0.0,0.0,0.0,0.0,0.0,0.0,0.0,,0.0,0.0,0.0,0.0,0.0,0.0,0.0,0.0,2023-05-29
05-30,5,30,0.0,0.0,0.0,0.0,0.0,0.0,0.0,0.0,0.0,0.0,0.0,0.0,0.0,0.0,0.0,,0.0,0.0,0.0,0.0,0.0,0.0,0.0,0.0,2023-05-30
05-31,5,31,0.0,0.0,0.0,0.0,0.0,0.0,0.0,0.0,0.0,0.0,0.0,0.0,0.0,0.0,0.0,,0.0,0.0,0.0,0.0,0.0,0.0,0.0,0.0,2023-05-31
06-01,6,1,0.0,0.0,0.0,0.0,0.0,0.0,0.0,0.0,0.0,0.0,0.0,0.0,0.0,0.0,0.0,,0.0,0.0,0.0,0.0,0.0,0.0,0.0,0.0,2023-06-01
06-02,6,2,0.0,0.0,0.0,0.0,0.0,0.0,0.0,0.0,0.0,0.0,0.0,0.0,0.0,0.0,0.0,,0.0,0.0,0.0,0.0,0.0,0.0,0.0,0.0,2023-06-02
06-03,6,3,0.0,0.0,0.0,0.0,0.0,0.0,0.0,0.0,0.0,0.0,0.0,0.0,0.0,0.0,0.0,,0.0,0.0,0.0,0.0,0.0,0.0,0.0,0.0,2023-06-03
06-04,6,4,0.0,0.0,0.0,0.0,0.0,0.0,0.0,0.0,0.0,0.0,0.0,0.0,0.0,0.0,0.0,,0.0,0.0,0.0,0.0,0.0,0.0,0.0,0.0,2023-06-04
06-05,6,5,0.0,0.0,0.0,0.0,0.0,0.0,0.0,0.0,0.0,0.0,0.0,0.0,0.0,0.0,0.0,,0.0,0.0,0.0,0.0,0.0,0.0,0.0,0.0,2023-06-05
06-06,6,6,0.0,0.0,0.0,0.0,0.0,0.0,0.0,0.0,0.0,0.0,0.0,0.0,0.0,0.0,0.0,,0.0,0.0,0.0,0.0,0.0,0.0,0.0,0.0,2023-06-06
06-07,6,7,0.0,0.0,0.0,0.0,0.0,0.0,0.0,0.0,0.0,0.0,0.0,0.0,0.0,0.0,0.0,,0.0,0.0,0.0,0.0,0.0,0.0,0.0,0.0,2023-06-07
06-08,6,8,0.0,0.0,0.0,0.0,0.0,0.0,0.0,0.0,0.0,0.0,0.0,0.0,0.0,0.0,0.0,,0.0,0.0,0.0,0.0,0.0,0.0,0.0,0.0,2023-06-08
06-09,6,9,0.0,0.0,0.0,0.0,0.0,0.0,0.0,0.0,0.0,0.0,0.0,0.0,0.0,0.0,0.00250000135,,0.0,0.0,0.0,0.00016666675666666665,0.0,0.0,0.0,0.00250000135,2023-06-09
06-10,6,10,0.0,0.0,0.0,0.0,0.0,0.0,0.0,0.0,0.0,0.0,0.0,0.0,0.0,0.0,0.00250000135,,0.0,0.0,0.0,0.00016666675666666665,0.0,0.0,0.0,0.00250000135,2023-06-10
06-11,6,11,0.0,0.0,0.0,0.0,0.0,0.0,0.0,0.0,0.0,0.0,0.0,0.0,0.0,0.0,0.00250000135,,0.0,0.0,0.0,0.00016666675666666665,0.0,0.0,0.0,0.00250000135,2023-06-11
06-12,6,12,0.0,0.0,0.0,0.0,0.0,0.0,0.0,0.0,0.0,0.0,0.0,0.0,0.0,0.0,0.0,,0.0,0.0,0.0,0.0,0.0,0.0,0.0,0.0,2023-06-12
06-13,6,13,0.0,0.0,0.0,0.0,0.0,0.0,0.0,0.0,0.0,0.0,0.0,0.0,0.0,0.0,0.0,,0.0,0.0,0.0,0.0,0.0,0.0,0.0,0.0,2023-06-13
06-14,6,14,0.0,0.0,0.0,0.0,0.0,0.0,0.0,0.0,0.0,0.0,0.0,0.0,0.0,0.0,0.0,,0.0,0.0,0.0,0.0,0.0,0.0,0.0,0.0,2023-06-14
06-15,6,15,0.0,0.0,0.0,0.0,0.0,0.0,0.0,0.0,0.0,0.0,0.0,0.0,0.0,0.0,0.0,,0.0,0.0,0.0,0.0,0.0,0.0,0.0,0.0,2023-06-15
06-16,6,16,0.0,0.0,0.0,0.0,0.0,0.0,0.0,0.0,0.0,0.0,0.0,0.0,0.0,0.0,0.0,,0.0,0.0,0.0,0.0,0.0,0.0,0.0,0.0,2023-06-16
06-17,6,17,0.0,0.0,0.0,0.0,0.0,0.0,0.0,0.0,0.0,0.0,0.0,0.0,0.0,0.0,0.0,,0.0,0.0,0.0,0.0,0.0,0.0,0.0,0.0,2023-06-17
06-18,6,18,0.0,0.0,0.0,0.0,0.0,0.0,0.0,0.0,0.0,0.0,0.0,0.0,0.0,0.0,0.0,,0.0,0.0,0.0,0.0,0.0,0.0,0.0,0.0,2023-06-18
06-19,6,19,0.0,0.0,0.0,0.0,0.0,0.0,0.0,0.0,0.0,0.0,0.0,0.0,0.0,0.0,0.0,,0.0,0.0,0.0,0.0,0.0,0.0,0.0,0.0,2023-06-19
06-20,6,20,0.0,0.0,0.0,0.0,0.0,0.0,0.0,0.0,0.0,0.0,0.0,0.0,0.0,0.0,0.0,,0.0,0.0,0.0,0.0,0.0,0.0,0.0,0.0,2023-06-20
06-21,6,21,0.0,0.0,0.0,0.0,0.0,0.0,0.0,0.0,0.0,0.0,0.0,0.0,0.0,0.0,0.0,,0.0,0.0,0.0,0.0,0.0,0.0,0.0,0.0,2023-06-21
06-22,6,22,0.0,0.0,0.0,0.0,0.0,0.0,0.0,0.0,0.0,0.0,0.0,0.0,0.0,0.0,0.0,,0.0,0.0,0.0,0.0,0.0,0.0,0.0,0.0,2023-06-22
06-23,6,23,0.0,0.0,0.0,0.0,0.0,0.0,0.0,0.0,0.0,0.0,0.0,0.0,0.0,0.0,0.0,,0.0,0.0,0.0,0.0,0.0,0.0,0.0,0.0,2023-06-23
06-24,6,24,0.0,0.0,0.0,0.0,0.0,0.0,0.0,0.0,0.0,0.0,0.0,0.0,0.0,0.0,0.0,,0.0,0.0,0.0,0.0,0.0,0.0,0.0,0.0,2023-06-24
06-25,6,25,0.0,0.0,0.0,0.0,0.0,0.0,0.0,0.0,0.0,0.0,0.0,0.0,0.0,0.0,0.0,,0.0,0.0,0.0,0.0,0.0,0.0,0.0,0.0,2023-06-25
06-26,6,26,0.0,0.0,0.0,0.0,0.0,0.0,0.0,0.0,0.0,0.0,0.0,0.0,0.0,0.0,0.0,,0.0,0.0,0.0,0.0,0.0,0.0,0.0,0.0,2023-06-26
06-27,6,27,0.0,0.0,0.0,0.0,0.0,0.0,0.0,0.0,0.0,0.0,0.0,0.0,0.0,0.0,0.0,,0.0,0.0,0.0,0.0,0.0,0.0,0.0,0.0,2023-06-27
06-28,6,28,0.0,0.0,0.0,0.0,0.0,0.0,0.0,0.0,0.0,0.0,0.0,0.0,0.0,0.0,0.0,,0.0,0.0,0.0,0.0,0.0,0.0,0.0,0.0,2023-06-28
06-29,6,29,0.0,0.0,0.0,0.0,0.0,0.0,0.0,0.0,0.0,0.0,0.0,0.0,0.0,0.0,0.0,,0.0,0.0,0.0,0.0,0.0,0.0,0.0,0.0,2023-06-29
06-30,6,30,0.0,0.0,0.0,0.0,0.0,0.0,0.0,0.0,0.0,0.0,0.0,0.0,0.0,0.0,0.0,,0.0,0.0,0.0,0.0,0.0,0.0,0.0,0.0,2023-06-30
07-01,7,1,0.0,0.0,0.0,0.0,0.0,0.0,0.0,0.0,0.0,0.0,0.0,0.0,0.0,0.0,0.0,,0.0,0.0,0.0,0.0,0.0,0.0,0.0,0.0,2023-07-01
07-02,7,2,0.0,0.0,0.0,0.0,0.0,0.0,0.0,0.0,0.0,0.0,0.0,0.0,0.0,0.0,0.0,,0.0,0.0,0.0,0.0,0.0,0.0,0.0,0.0,2023-07-02
07-03,7,3,0.0,0.0,0.0,0.0,0.0,0.0,0.0,0.0,0.0,0.0,0.0,0.0,0.0,0.0,0.0,,0.0,0.0,0.0,0.0,0.0,0.0,0.0,0.0,2023-07-03
07-04,7,4,0.0,0.0,0.0,0.0,0.0,0.0,0.0,0.0,0.0,0.0,0.0,0.0,0.0,0.0,0.0,,0.0,0.0,0.0,0.0,0.0,0.0,0.0,0.0,2023-07-04
07-05,7,5,0.0,0.0,0.0,0.0,0.0,0.0,0.0,0.0,0.0,0.0,0.0,0.0,0.0,0.0,0.0,,0.0,0.0,0.0,0.0,0.0,0.0,0.0,0.0,2023-07-05
07-06,7,6,0.0,0.0,0.0,0.0,0.0,0.0,0.0,0.0,0.0,0.0,0.0,0.0,0.0,0.0,0.0,,0.0,0.0,0.0,0.0,0.0,0.0,0.0,0.0,2023-07-06
07-07,7,7,0.0,0.0,0.0,0.0,0.0,0.0,0.0,0.0,0.0,0.0,0.0,0.0,0.0,0.0,0.0,,0.0,0.0,0.0,0.0,0.0,0.0,0.0,0.0,2023-07-07
07-08,7,8,0.0,0.0,0.0,0.0,0.0,0.0,0.0,0.0,0.0,0.0,0.0,0.0,0.0,0.0,0.0,,0.0,0.0,0.0,0.0,0.0,0.0,0.0,0.0,2023-07-08
07-09,7,9,0.0,0.0,0.0,0.0,0.0,0.0,0.0,0.0,0.0,0.0,0.0,0.0,0.0,0.0,0.0,,0.0,0.0,0.0,0.0,0.0,0.0,0.0,0.0,2023-07-09
07-10,7,10,0.0,0.0,0.0,0.0,0.0,0.0,0.0,0.0,0.0,0.0,0.0,0.0,0.0,0.0,0.0,,0.0,0.0,0.0,0.0,0.0,0.0,0.0,0.0,2023-07-10
07-11,7,11,0.0,0.0,0.0,0.0,0.0,0.0,0.0,0.0,0.0,0.0,0.0,0.0,0.0,0.0,0.0,,0.0,0.0,0.0,0.0,0.0,0.0,0.0,0.0,2023-07-11
07-12,7,12,0.0,0.0,0.0,0.0,0.0,0.0,0.0,0.0,0.0,0.0,0.0,0.0,0.0,0.0,0.0,,0.0,0.0,0.0,0.0,0.0,0.0,0.0,0.0,2023-07-12
07-13,7,13,0.0,0.0,0.0,0.0,0.0,0.0,0.0,0.0,0.0,0.0,0.0,0.0,0.0,0.0,0.0,,0.0,0.0,0.0,0.0,0.0,0.0,0.0,0.0,2023-07-13
07-14,7,14,0.0,0.0,0.0,0.0,0.0,0.0,0.0,0.0,0.0,0.0,0.0,0.0,0.0,0.0,0.0,,0.0,0.0,0.0,0.0,0.0,0.0,0.0,0.0,2023-07-14
07-15,7,15,0.0,0.0,0.0,0.0,0.0,0.0,0.0,0.0,0.0,0.0,0.0,0.0,0.0,0.0,0.0,,0.0,0.0,0.0,0.0,0.0,0.0,0.0,0.0,2023-07-15
07-16,7,16,0.0,0.0,0.0,0.0,0.0,0.0,0.0,0.0,0.0,0.0,0.0,0.0,0.0,0.0,0.0,,0.0,0.0,0.0,0.0,0.0,0.0,0.0,0.0,2023-07-16
07-17,7,17,0.0,0.0,0.0,0.0,0.0,0.0,0.0,0.0,0.0,0.0,0.0,0.0,0.0,0.0,0.0,,0.0,0.0,0.0,0.0,0.0,0.0,0.0,0.0,2023-07-17
07-18,7,18,0.0,0.0,0.0,0.0,0.0,0.0,0.0,0.0,0.0,0.0,0.0,0.0,0.0,0.0,0.0,,0.0,0.0,0.0,0.0,0.0,0.0,0.0,0.0,2023-07-18
07-19,7,19,0.0,0.0,0.0,0.0,0.0,0.0,0.0,0.0,0.0,0.0,0.0,0.0,0.0,0.0,0.0,,0.0,0.0,0.0,0.0,0.0,0.0,0.0,0.0,2023-07-19
07-20,7,20,0.0,0.0,0.0,0.0,0.0,0.0,0.0,0.0,0.0,0.0,0.0,0.0,0.0,0.0,0.0,,0.0,0.0,0.0,0.0,0.0,0.0,0.0,0.0,2023-07-20
07-21,7,21,0.0,0.0,0.0,0.0,0.0,0.0,0.0,0.0,0.0,0.0,0.0,0.0,0.0,0.0,0.0,,0.0,0.0,0.0,0.0,0.0,0.0,0.0,0.0,2023-07-21
07-22,7,22,0.0,0.0,0.0,0.0,0.0,0.0,0.0,0.0,0.0,0.0,0.0,0.0,0.0,0.0,0.0,,0.0,0.0,0.0,0.0,0.0,0.0,0.0,0.0,2023-07-22
07-23,7,23,0.0,0.0,0.0,0.0,0.0,0.0,0.0,0.0,0.0,0.0,0.0,0.0,0.0,0.0,0.0,,0.0,0.0,0.0,0.0,0.0,0.0,0.0,0.0,2023-07-23
07-24,7,24,0.0,0.0,0.0,0.0,0.0,0.0,0.0,0.0,0.0,0.0,0.0,0.0,0.0,0.0,0.0,,0.0,0.0,0.0,0.0,0.0,0.0,0.0,0.0,2023-07-24
07-25,7,25,0.0,0.0,0.0,0.0,0.0,0.0,0.0,0.0,0.0,0.0,0.0,0.0,0.0,0.0,0.0,,0.0,0.0,0.0,0.0,0.0,0.0,0.0,0.0,2023-07-25
07-26,7,26,0.0,0.0,0.0,0.0,0.0,0.0,0.0,0.0,0.0,0.0,0.0,0.0,0.0,0.0,0.0,,0.0,0.0,0.0,0.0,0.0,0.0,0.0,0.0,2023-07-26
07-27,7,27,0.0,0.0,0.0,0.0,0.0,0.0,0.0,0.0,0.0,0.0,0.0,0.0,0.0,0.0,0.0,,0.0,0.0,0.0,0.0,0.0,0.0,0.0,0.0,2023-07-27
07-28,7,28,0.0,0.0,0.0,0.0,0.0,0.0,0.0,0.0,0.0,0.0,0.0,0.0,0.0,0.0,0.0,,0.0,0.0,0.0,0.0,0.0,0.0,0.0,0.0,2023-07-28
07-29,7,29,0.0,0.0,0.0,0.0,0.0,0.0,0.0,0.0,0.0,0.0,0.0,0.0,0.0,0.0,0.0,,0.0,0.0,0.0,0.0,0.0,0.0,0.0,0.0,2023-07-29
07-30,7,30,0.0,0.0,0.0,0.0,0.0,0.0,0.0,0.0,0.0,0.0,0.0,0.0,0.0,0.0,0.0,,0.0,0.0,0.0,0.0,0.0,0.0,0.0,0.0,2023-07-30
07-31,7,31,0.0,0.0,0.0,0.0,0.0,0.0,0.0,0.0,0.0,0.0,0.0,0.0,0.0,0.0,0.0,,0.0,0.0,0.0,0.0,0.0,0.0,0.0,0.0,2023-07-31
